filename,fingerprint_short
"../DTL1000/1930/JE-3-071-20.wav","AQAFZJISRUkSKUyEH37xcEdZNPHxo5eC"

"../DTL1000/1930/JE-3-011-15.wav","AQAFpdwyncKDHz2ePSn6CheP54V_JD-R"

"../DTL1000/1930/JE-1-080-20.wav","AQAF7clCJUodHM0zD8cjo5m243uS4SxE"

"../DTL1000/1930/JE-3-056-20.wav","AQAFgomUKU80JYHm3Qjj6MGJJj-6dCG-"

"../DTL1000/1930/JE-3-003-03.wav","AQAGCokmRZJyVMqRC5_C4Iqi49ThREf5"

"../DTL1000/1930/JE-2-009-19.wav","AQAFuUsmkYpUUJ8UhH9xKbHw6LiDUM4l"

"../DTL1000/1930/JE-3-071-03.wav","AQAFywrDJJMSRcMZdYVfPBcmMTlco61C"

"../DTL1000/1930/JE-1-072-17.wav","AQAE60kiZYmUpEmCJsoV1MkPXVLw8MFz"

"../DTL1000/1930/JE-2-043-15.wav","AQAGD1GViIkSfIbuBAdzNCdO4cflGz_R"

"../DTL1000/1930/JE-1-049-22.wav","AQAGb5Kymwlu3EUp0USzSMOL_rg-9Bny"

"../DTL1000/1930/JE-1-100-01.wav","AQAGc9SjSGEUfMYdlFHgFQ9ChRqSWifK"

"../DTL1000/1930/JE-3-065-06.wav","AQAF3pGmOJGYJEgrKdEI5tGN-yjSMUMS"

"../DTL1000/1930/JE-3-019-08.wav","AQAF8kySSJGkC2GWjPjRqMmhPQyHHMcz"

"../DTL1000/1930/JE-2-018-05.wav","AQAEmYsaSYkzXFGOfklQNcJ7Bo8uVJdz"

"../DTL1000/1930/JE-2-022-04.wav","AQAGX2qiLJIiCqctNPPQ6zhzNEujQjvx"

"../DTL1000/1930/JE-3-037-09.wav","AQAE0WLCJIkVBU-FRijxRDnqsZjy4yh5"

"../DTL1000/1930/JE-1-098-03.wav","AQAF0orCZcmT4Fl6XDqencWd5vCzBuHb"

"../DTL1000/1930/JE-3-040-01.wav","AQAGBlrEZFGSJQuuorkOfdvxNHi0w39w"

"../DTL1000/1930/JE-3-038-17.wav","AQAGCZqyJI2URBFC-8FL3EbzG_UnaDfS"

"../DTL1000/1930/JE-3-010-08.wav","AQAE5MmSMFGWRDF69DuaKA_KHk3MHJeJ"

"../DTL1000/1930/JE-3-071-13.wav","AQAF7ZTCRJGSREoQORWSC9UP66h83EeZ"

"../DTL1000/1930/JE-1-050-04.wav","AQAGR62WXJGCS8MTuEdIEjovEbEv_LKK"

"../DTL1000/1930/JE-3-083-09.wav","AQAGOlqUJUkUZTj84jgSXghx48yD5zia"

"../DTL1000/1930/JE-3-083-13.wav","AQAFkt0mSdkUIL2hKVSUHDF2Dk9Y4W9E"

"../DTL1000/1930/JE-3-066-11.wav","AQAF4aJzJaGC5tPRMxWR_HgSlNJUQvzh"

"../DTL1000/1930/JE-2-086-02.wav","AQAFuEqSZEkSJWmGJs1q1EpI41kcnDD_"

"../DTL1000/1930/JE-2-072-10.wav","AQAFd1yWhFk4jNVEoxSYLFxSJA-iPzg-"

"../DTL1000/1930/JE-3-011-05.wav","AQAF7xM1ZemCP0F_nHLA62iKWsyC6CLU"

"../DTL1000/1930/JE-3-100-10.wav","AQAFtlIUMRKboDx6-GFxCRauLUFuPNCs"

"../DTL1000/1930/JE-3-001-21.wav","AQAFnFIqRtmD5z0q5_hxBYf_CPnCSUZy"

"../DTL1000/1930/JE-3-025-05.wav","AQAF7MmsJEmmMEIySVWP6w7eCj6PU4lC"

"../DTL1000/1930/JE-3-053-03.wav","AQAF-bKypEvxZPjUB912bDn66GCV47GH"

"../DTL1000/1930/JE-3-070-13.wav","AQAGcFqyJAlDJQryo9GhBzrCHw-FHj-6"

"../DTL1000/1930/JE-2-019-14.wav","AQAE4koUKUuWKEP34Pjg9whSRmFzRKt0"

"../DTL1000/1930/JE-3-007-11.wav","AQAFJQmTRJKsSEF-fE-FehfMJNyEB-kI"

"../DTL1000/1930/JE-1-098-04.wav","AQAF3Yq0JJk0JQlC80jsBOc14_eIUn7Q"

"../DTL1000/1930/JE-3-044-17.wav","AQAFG1mVJJEUariC5Dp6PmhOPCOuoHke"

"../DTL1000/1930/JE-2-054-11.wav","AQAGX5J-MgqaSyRCXULiK8R_o_GV48dD"

"../DTL1000/1930/JE-3-055-11.wav","AQAF7fvzBFy2ockDpouP78N-BvlyJDsa"

"../DTL1000/1930/JE-3-079-02.wav","AQAF3Em2cVGYBc-LM4jmFCdyHbqP5ofG"

"../DTL1000/1930/JE-2-054-09.wav","AQAFj4liLUmSiHCT4_CJlj_O45Ii6AlC"

"../DTL1000/1930/JE-3-060-19.wav","AQAECYl0K0wU5NjB5OiNWjq2K9aRJw_E"

"../DTL1000/1930/JE-3-038-06.wav","AQAE2MrSJHuDU2aCidkD3xK-FZeRC8kW"

"../DTL1000/1930/JE-1-076-18.wav","AQAGUXIjJVIolDemLGOOzwF1FpNIPFyO"

"../DTL1000/1930/JE-2-028-01.wav","AQAFLJKSRZuiZZiswwcJ_2jwHMfzcNCP"

"../DTL1000/1930/JE-2-046-06.wav","AQAFKdKSMlEXmMeniApyHc2ocYFWDmcb"

"../DTL1000/1930/JE-2-068-16.wav","AQAFZWMZVRMemciDWmjkQ8nxB2EuNHVi"

"../DTL1000/1930/JE-1-050-05.wav","AQAF3CGTJREdQQudHfcFfV6gUWJwPvCo"

"../DTL1000/1930/JE-3-067-09.wav","AQAEnEkWLdGVJEKeXqj1gGryonqOOdzR"

"../DTL1000/1930/JE-1-072-18.wav","AQAFv0oSNYrGJAnCKxGhO46CPDsm33hD"

"../DTL1000/1930/JE-1-100-09.wav","AQAFdUoULV-kBOeOnDyaNMyhPcc55FeM"

"../DTL1000/1930/JE-1-036-22.wav","AQAFuNQSqUqSREIbHc2P8sZPuPB7xFoy"

"../DTL1000/1930/JE-3-078-15.wav","AQAFU0miaJuUSMMf9Gh-IY_UIHyh5Tm-"

"../DTL1000/1930/JE-2-022-13.wav","AQAGYIvEJVOURTie8AKTZeGMHkN4aBmr"

"../DTL1000/1930/JE-2-072-21.wav","AQAF3snCLW2EY7uSgLlDfMeUJUEoPciL"

"../DTL1000/1930/JE-2-031-14.wav","AQAFllmiMEkWJUmiINfxBz6PjyuiK4eV"

"../DTL1000/1930/JE-1-054-17.wav","AQAGWVmSKNoWRUP63fhxLfBRHzeOzj_-"

"../DTL1000/1930/JE-2-086-06.wav","AQAE9JKUSUu0Bc2Eh8PhEz1-BveRP0ie"

"../DTL1000/1930/JE-2-025-04.wav","AQAFDImiRqFi5IG1LchpzDyOMlwG0nuQ"

"../DTL1000/1930/JE-3-019-09.wav","AQAFcom0ZNESKkIuLYHz4Mef6SgzonmR"

"../DTL1000/1930/JE-1-036-19.wav","AQAFkFoSLsmiTAmsH_2Hc8dz6D6ao2KD"

"../DTL1000/1930/JE-2-046-11.wav","AQAFv0mUSYoSRYG_BF_gH3_wGL5yPIF_"

"../DTL1000/1930/JE-3-037-01.wav","AQAExUqkJZeURIEeTOmPHj-eJ9HwX_hz"

"../DTL1000/1930/JE-3-031-02.wav","AQAFFlIUJXGUFXaC73DMGH2ISkwOc63g"

"../DTL1000/1930/JE-2-009-14.wav","AQAEywqTJcuUZElwXMmRDw8D8VJzsMwV"

"../DTL1000/1930/JE-2-052-11.wav","AQAFc4qSLWsiMKJaJPuQVhG2UUPL-Sgv"

"../DTL1000/1930/JE-3-083-15.wav","AQAFMok2JpyKX9AK79A2yojVBT9a5Xh8"

"../DTL1000/1930/JE-3-032-08.wav","AQAE4RqTcCGa0GjX49EpXE_gUi565Eby"

"../DTL1000/1930/JE-2-026-11.wav","AQAGXBIbShJ85Xg6Yz-aYeIffGOK58Zh"

"../DTL1000/1930/JE-3-004-07.wav","AQAFB8mSKFkViRB_VEdIHeeO9Kh0oSf8"

"../DTL1000/1930/JE-3-026-03.wav","AQAFW5qiRYlEBlNG5qCFmdbxCI-T4-OJ"

"../DTL1000/1930/JE-3-070-05.wav","AQAFplkiJc4SLYHoZAhl_MV9hD_EI4f1"

"../DTL1000/1930/JE-2-047-06.wav","AQAEU0uyhZoqXLC-4yL6bFKKTzTi59AV"

"../DTL1000/1930/JE-3-043-13.wav","AQAFvUukJEmSSHqQ_kGrQn_wHF3kIMyz"

"../DTL1000/1930/JE-3-001-03.wav","AQAFw0mSMNySqAid5Do4d8WPLBMfaNmO"

"../DTL1000/1930/JE-3-026-01.wav","AQAE8cwkSZqkJNguHXeWwurgUAlCbkoh"

"../DTL1000/1930/JE-2-027-15.wav","AQAFAO2YRHrwRCn-4FKOejMRPUiU_OiD"

"../DTL1000/1930/JE-1-078-25.wav","AQAGA8oidZqG7_jRVGaQHpoVIurxPOi2"

"../DTL1000/1930/JE-2-057-18.wav","AQAGP8rIZQ_uTEe6NcYYH9eL40Mksrh3"

"../DTL1000/1930/JE-3-063-04.wav","AQAE_WSTKZGSCI_wD8meB2kYPNFxzodH"

"../DTL1000/1930/JE-3-032-14.wav","AQAEswyTMFqiFPNePEfTIfmHnC_eZEEX"

"../DTL1000/1930/JE-2-018-13.wav","AQAFt9ITKdGD48GXHT6uPDh3YU2PJkou"

"../DTL1000/1930/JE-2-027-11.wav","AQAEPEoWJVGUJBEjXPiC_rD24KeGXDv0"

"../DTL1000/1930/JE-1-079-19.wav","AQAGQpKiKVU0PLiGKVYE3kGQRDOOhg9K"

"../DTL1000/1930/JE-3-076-15.wav","AQAFJFKeLEoSbeilA1cfPMSj8KgOnxW6"

"../DTL1000/1930/JE-1-074-07.wav","AQAFfUuSJ1OiREKTPE6GX0YOZZWUIV-L"

"../DTL1000/1930/JE-2-002-04.wav","AQAFh5kSMkuUKcENBzpvxD1-ND-6pMEZ"

"../DTL1000/1930/JE-3-065-01.wav","AQAF5Ym0J0lCCVdyHQ-TD7rgQ8-Kv0TO"

"../DTL1000/1930/JE-2-069-07.wav","AQAFudPML8JfeD-Y6ymqRUGjxfh4408w"

"../DTL1000/1930/JE-1-084-16.wav","AQAGSVGWJHQSEXmfog_CnMe1I3kd3JnQ"

"../DTL1000/1930/JE-1-100-06.wav","AQAF2gqrxQt2EWeCM0dp-Ee4Kcuh9fCP"

"../DTL1000/1930/JE-2-072-05.wav","AQAFRQuTJGEibcKPw26GHXmO5rnw9fiT"

"../DTL1000/1930/JE-1-084-13.wav","AQAFjM-sJFoifHkYPJGHetJERAoN1Tmy"

"../DTL1000/1930/JE-3-020-22.wav","AQAF2MoWJsmiJBmSB_nxhCb25Qoe-MF3"

"../DTL1000/1930/JE-3-069-18.wav","AQAFv0mUMUmWREoU8DxU83BxZjl0wsVJ"

"../DTL1000/1930/JE-3-064-01.wav","AQAGfwoXaUkSJ8EbUchzuCr05GB54gq0"

"../DTL1000/1930/JE-2-009-12.wav","AQAF08quLTnmI7yRLGeOx8eN5vhxahfC"

"../DTL1000/1930/JE-3-003-07.wav","AQAFsEq4ZAvDBE_CKvjBiXnQDmGUQrUi"

"../DTL1000/1930/JE-2-088-05.wav","AQAFG8qSKdqySOCP_-ieYyKZYlSi45-F"

"../DTL1000/1930/JE-2-070-16.wav","AQAFDkqWSIqSpImC99hfop9iwbGPfsR_"

"../DTL1000/1980/AQAKhmMiJYqiMAquxh2uBy_6oDbx8Xi-.aiff","AQAKhmMiJYqiMAquxh2uBy_6oDbx8Xi-"

"../DTL1000/1980/AQAIJVQSa-oSfFOCHw9yH8kyPujEOnij.aiff","AQAIJVQSa-oSfFOCHw9yH8kyPujEOnij"

"../DTL1000/1980/AQAJsUmyWEqaKPjRPNGH0DpOxMpZzHIa.aiff","AQAJsUmyWEqaKPjRPNGH0DpOxMpZzHIa"

"../DTL1000/1980/AQAP1MqUSIk0ZUETbkGkRjpxjngDNEe_.aiff","AQAP1MqUSIk0ZUETbkGkRjpxjngDNEe_"

"../DTL1000/1980/AQAG0V-SKIlwnSmuPag-PNJhTI9wI9B_.aiff","AQAG0V-SKIlwnSmuPag-PNJhTI9wI9B_"

"../DTL1000/1980/AQAI-6K4UNki_MGPPvnQBGeqI7k2B3nS.aiff","AQAI-6K4UNki_MGPPvnQBGeqI7k2B3nS"

"../DTL1000/1980/AQANh1kWctECRxnjIX8E58_wLDv8KMgF.aiff","AQANh1kWctECRxnjIX8E58_wLDv8KMgF"

"../DTL1000/1980/AQAKE49jRQqu5fiJdBSSL0mOY35GfMkV.aiff","AQAKE49jRQqu5fiJdBSSL0mOY35GfMkV"

"../DTL1000/1980/AQAOuwojydIS4b2IJ_xRPqHxRUIdTQ6e.aiff","AQAOuwojydIS4b2IJ_xRPqHxRUIdTQ6e"

"../DTL1000/1980/AQAOAYuYJFKSKEkS4W2CpPERKz9-CT-O.aiff","AQAOAYuYJFKSKEkS4W2CpPERKz9-CT-O"

"../DTL1000/1980/AQAJpkmUJEuSiE2wHccPfMs-dOxDnMeP.aiff","AQAJpkmUJEuSiE2wHccPfMs-dOxDnMeP"

"../DTL1000/1980/AQAK7Ym0dOwS_EWV-UhT1ArCH-aYCmce.aiff","AQAK7Ym0dOwS_EWV-UhT1ArCH-aYCmce"

"../DTL1000/1980/AQAKBKSiSFKiCPmhb6kShH7w6HB39PiD.aiff","AQAKBKSiSFKiCPmhb6kShH7w6HB39PiD"

"../DTL1000/1980/AQAU9hmVZFLCJAneHGqGHmFGWngWC9fx.aiff","AQAU9hmVZFLCJAneHGqGHmFGWngWC9fx"

"../DTL1000/1980/AQAQaJyySeICbQ-arDp-3JiVrfgDJkey.aiff","AQAQaJyySeICbQ-arDp-3JiVrfgDJkey"

"../DTL1000/1980/AQAHHGki6cuhh6WgP9Hwo2_RfPiRVxvy.aiff","AQAHHGki6cuhh6WgP9Hwo2_RfPiRVxvy"

"../DTL1000/1980/AQAM0NOkMFpE-Dx2Hc1y4xe-E-kXBj_E.aiff","AQAM0NOkMFpE-Dx2Hc1y4xe-E-kXBj_E"

"../DTL1000/1980/AQAK19sYdYoUnHiG6x_iJEPy48L1g0-i.aiff","AQAK19sYdYoUnHiG6x_iJEPy48L1g0-i"

"../DTL1000/1980/AQAL-VtCUlG04HpwJyeaGnsTNMuQ_ImR.aiff","AQAL-VtCUlG04HpwJyeaGnsTNMuQ_ImR"

"../DTL1000/1980/AQAWAkokO2qCPpgSdceXE4-ioVaCMDf0.aiff","AQAWAkokO2qCPpgSdceXE4-ioVaCMDf0"

"../DTL1000/1980/AQALkkqSRPGWSApeF_-xH-nyoJQIHTX8.aiff","AQALkkqSRPGWSApeF_-xH-nyoJQIHTX8"

"../DTL1000/1980/AQAHfIokRWukJbCOSUd9hDmPK9CcHteK.aiff","AQAHfIokRWukJbCOSUd9hDmPK9CcHteK"

"../DTL1000/1980/AQAJzUySRIwSEb_R5Mihc8ijL6j8qSgn.aiff","AQAJzUySRIwSEb_R5Mihc8ijL6j8qSgn"

"../DTL1000/1980/AQAJ0UqSLYuSREzAZD2-HR-Sph_SPxMu.aiff","AQAJ0UqSLYuSREzAZD2-HR-Sph_SPxMu"

"../DTL1000/1980/AQATZ5LSJkkyCo3Kh6ivIb-hR0e-RDq6.aiff","AQATZ5LSJkkyCo3Kh6ivIb-hR0e-RDq6"

"../DTL1000/1980/AQAKVEqo7E3g5_hy7C36KwhTPTOeBj9O.aiff","AQAKVEqo7E3g5_hy7C36KwhTPTOeBj9O"

"../DTL1000/1980/AQAH6dLCVNISAcd54sqjEPXh74HJpQuR.aiff","AQAH6dLCVNISAcd54sqjEPXh74HJpQuR"

"../DTL1000/1980/AQALQ1LyOIwS9MefF08uPEweJP2Q_tjD.aiff","AQALQ1LyOIwS9MefF08uPEweJP2Q_tjD"

"../DTL1000/1980/AQAKBUm2aaFy6AqeDB-0_EMoozuaFceJ.aiff","AQAKBUm2aaFy6AqeDB-0_EMoozuaFceJ"

"../DTL1000/1980/AQAQEYkkO2EGPMsTPCWVoMlRJsGlhDau.aiff","AQAQEYkkO2EGPMsTPCWVoMlRJsGlhDau"

"../DTL1000/1980/AQAJNUmUTEmyKImWwMeDH4dxPfhxPPCO.aiff","AQAJNUmUTEmyKImWwMeDH4dxPfhxPPCO"

"../DTL1000/1980/AQAM0IpIJkmSSAr848M7HBtz2MLDIxe0.aiff","AQAM0IpIJkmSSAr848M7HBtz2MLDIxe0"

"../DTL1000/1980/AQALbdGSKMmSKGuQ9DEOdsGlw_KCVyYR.aiff","AQALbdGSKMmSKGuQ9DEOdsGlw_KCVyYR"

"../DTL1000/1980/AQAS3VxEZUknXIGf4jnyqE2RHOt8MHkY.aiff","AQAS3VxEZUknXIGf4jnyqE2RHOt8MHkY"

"../DTL1000/1980/AQAI1W-kHf-B6_iDI0fzQLuQ6_jx5sjR.aiff","AQAI1W-kHf-B6_iDI0fzQLuQ6_jx5sjR"

"../DTL1000/1980/AQAL4tuiREqz4PSI0GKOZA8qLS6e7GCP.aiff","AQAL4tuiREqz4PSI0GKOZA8qLS6e7GCP"

"../DTL1000/1980/AQAMZbmUSlKDn9gfFEzy9Dhl7NiPS2uG.aiff","AQAMZbmUSlKDn9gfFEzy9Dhl7NiPS2uG"

"../DTL1000/1980/AQAICNGjJEoSRkngK9CTEZGPSYd1Z0Wf.aiff","AQAICNGjJEoSRkngK9CTEZGPSYd1Z0Wf"

"../DTL1000/1980/AQANDZLCKcq0BPcmWDd-5WiuEKU-XMmH.aiff","AQANDZLCKcq0BPcmWDd-5WiuEKU-XMmH"

"../DTL1000/1980/AQAapUmSTIqiJFGyBDiBP1B24mhcnDh5.aiff","AQAapUmSTIqiJFGyBDiBP1B24mhcnDh5"

"../DTL1000/1980/AQAOU0kuTqEC5UeYH89CXAf-4Ud6aJuy.aiff","AQAOU0kuTqEC5UeYH89CXAf-4Ud6aJuy"

"../DTL1000/1980/AQAJWosTaclS_MTRLw0g5qh2PMvx45tx.aiff","AQAJWosTaclS_MTRLw0g5qh2PMvx45tx"

"../DTL1000/1980/AQARAUmSLAmXJGKE68N_3Mi9oh9OGVeC.aiff","AQARAUmSLAmXJGKE68N_3Mi9oh9OGVeC"

"../DTL1000/1980/AQAKXlqiJWQioQn14TdK6cKfwzqSHzlu.aiff","AQAKXlqiJWQioQn14TdK6cKfwzqSHzlu"

"../DTL1000/1980/AQAKwlFCrV7wD7tx-HgG4z6c48LxA4eP.aiff","AQAKwlFCrV7wD7tx-HgG4z6c48LxA4eP"

"../DTL1000/1980/AQAOzWwSZUyOM2iONspwND8e1bATIuRz.aiff","AQAOzWwSZUyOM2iONspwND8e1bATIuRz"

"../DTL1000/1980/AQAK54qSKkqSJCOaNnHwRVGjID5xCEeF.aiff","AQAK54qSKkqSJCOaNnHwRVGjID5xCEeF"

"../DTL1000/1980/AQALPJKyZZEiJUlw54jFo-0hxjxKTcdJ.aiff","AQALPJKyZZEiJUlw54jFo-0hxjxKTcdJ"

"../DTL1000/1980/AQAM3lESKpESSRPSLTSew8f043gSPXjm.aiff","AQAM3lESKpESSRPSLTSew8f043gSPXjm"

"../DTL1000/1980/AQAMlGWSKImUNdhTUD9ObD98ocqON1eG.aiff","AQAMlGWSKImUNdhTUD9ObD98ocqON1eG"

"../DTL1000/1980/AQANO5KUKJEiKUuCCycqWlrR2MYj_Ki-.aiff","AQANO5KUKJEiKUuCCycqWlrR2MYj_Ki-"

"../DTL1000/1980/AQARb8oSZ9mo4B-mRUqeoomiHLmgpVER.aiff","AQARb8oSZ9mo4B-mRUqeoomiHLmgpVER"

"../DTL1000/1980/AQAKoktCSokqBe5RNUHXC07BqxX61EWe.aiff","AQAKoktCSokqBe5RNUHXC07BqxX61EWe"

"../DTL1000/1980/AQAM0YmkSLGyJcGXIz_6wDWe5OgtHbcU.aiff","AQAM0YmkSLGyJcGXIz_6wDWe5OgtHbcU"

"../DTL1000/1980/AQAENAz5RMKLH0_xI8QJIWc-fC165_jh.aiff","AQAENAz5RMKLH0_xI8QJIWc-fC165_jh"

"../DTL1000/1980/AQAKZdyeoT_-HI7xBbrx5ug_XMUToWFU.aiff","AQAKZdyeoT_-HI7xBbrx5ug_XMUToWFU"

"../DTL1000/1980/AQANWFmSKxmTREGeFdOPBznD4xukPqhp.aiff","AQANWFmSKxmTREGeFdOPBznD4xukPqhp"

"../DTL1000/1980/AQASZlOojNKUBH4C5opwvDzCMGOgcTf0.aiff","AQASZlOojNKUBH4C5opwvDzCMGOgcTf0"

"../DTL1000/1980/AQAKYSGfZMwCLT_-IA9xcrhyRehYSWgm.aiff","AQAKYSGfZMwCLT_-IA9xcrhyRehYSWgm"

"../DTL1000/1980/AQALDpKSMFbECM_xD40WHxVyo4_iI-Tx.aiff","AQALDpKSMFbECM_xD40WHxVyo4_iI-Tx"

"../DTL1000/1980/AQALj2G20SnOH91z6MGbRI5RPcUh6viL.aiff","AQALj2G20SnOH91z6MGbRI5RPcUh6viL"

"../DTL1000/1980/AQAKo9KSJVKiaBH-oWmmFJ5EHTeM8wh5.aiff","AQAKo9KSJVKiaBH-oWmmFJ5EHTeM8wh5"

"../DTL1000/1980/AQAMClRCNUqUBSVpNFmWCfkyoaJEaMdn.aiff","AQAMClRCNUqUBSVpNFmWCfkyoaJEaMdn"

"../DTL1000/1980/AQAPsJIS60qGPw_6JXCe6Sil40nUE_cP.aiff","AQAPsJIS60qGPw_6JXCe6Sil40nUE_cP"

"../DTL1000/1980/AQAVqJqSJEuSLJEU9Lhe9EIYPcT-4Dq6.aiff","AQAVqJqSJEuSLJEU9Lhe9EIYPcT-4Dq6"

"../DTL1000/1980/AQALuWqWVJmSBMfHw0_i4VIS_OgjGqeR.aiff","AQALuWqWVJmSBMfHw0_i4VIS_OgjGqeR"

"../DTL1000/1980/AQAI_4kUNcmUKYEOhNfgKuhyHc-e4MqF.aiff","AQAI_4kUNcmUKYEOhNfgKuhyHc-e4MqF"

"../DTL1000/1980/AQARnY2iSJSk4T_-w9PD4LGO5h3uFGMK.aiff","AQARnY2iSJSk4T_-w9PD4LGO5h3uFGMK"

"../DTL1000/1980/AQAO8ZlISoskKHT4IV9BSw_6a7iOw-dR.aiff","AQAO8ZlISoskKHT4IV9BSw_6a7iOw-dR"

"../DTL1000/1980/AQAHXUpSRSFDqMe1weoF6imG40FaFclv.aiff","AQAHXUpSRSFDqMe1weoF6imG40FaFclv"

"../DTL1000/1980/AQALEkoyJckqJUKdHM-PX2CPFm6CHxeS.aiff","AQALEkoyJckqJUKdHM-PX2CPFm6CHxeS"

"../DTL1000/1980/AQAGslKSKVkSJYJ__MKP1gLqw7gPXPBz.aiff","AQAGslKSKVkSJYJ__MKP1gLqw7gPXPBz"

"../DTL1000/1980/AQAZCaKUJAkTUpgv4REPjjAX_Diaog-L.aiff","AQAZCaKUJAkTUpgv4REPjjAX_Diaog-L"

"../DTL1000/1980/AQAMYEySKcuoKOgYXsOl4zmeI-GZI8_w.aiff","AQAMYEySKcuoKOgYXsOl4zmeI-GZI8_w"

"../DTL1000/1980/AQAHDNIcKcsmOOaQ5MkR8CgXrUKlUB9O.aiff","AQAHDNIcKcsmOOaQ5MkR8CgXrUKlUB9O"

"../DTL1000/1980/AQAKzkmoZVGihMPzINzgHL2OHw96vDeO.aiff","AQAKzkmoZVGihMPzINzgHL2OHw96vDeO"

"../DTL1000/1980/AQAQUlGUJEkS7YmCjNvxLbNSTB-aSQ8e.aiff","AQAQUlGUJEkS7YmCjNvxLbNSTB-aSQ8e"

"../DTL1000/1980/AQAYpouYjFF0ZFWPdtmR8AI84pmCw8dD.aiff","AQAYpouYjFF0ZFWPdtmR8AI84pmCw8dD"

"../DTL1000/1980/AQANPF8SRUk0BR-aq0j2RIilK8OTJA_x.aiff","AQANPF8SRUk0BR-aq0j2RIilK8OTJA_x"

"../DTL1000/1980/AQAMMtG0Jzr0qETWFw-b4DucHOd18DLO.aiff","AQAMMtG0Jzr0qETWFw-b4DucHOd18DLO"

"../DTL1000/1980/AQAI_0qURFKUJkzAajuYfEJ4iVAe5OkO.aiff","AQAI_0qURFKUJkzAajuYfEJ4iVAe5OkO"

"../DTL1000/1980/AQAKgUok5VE8HDR-7KgoHo2M-_jxAxee.aiff","AQAKgUok5VE8HDR-7KgoHo2M-_jxAxee"

"../DTL1000/1980/AQAOBlHyJImyELmEqvjRP4F_XI_QLL_w.aiff","AQAOBlHyJImyELmEqvjRP4F_XI_QLL_w"

"../DTL1000/1980/AQAPXIqUMEkURUJ-iDnyDm3Eo8_hZ8cr.aiff","AQAPXIqUMEkURUJ-iDnyDm3Eo8_hZ8cr"

"../DTL1000/1980/AQAWeFG6MUqUQTfuHUwewCfuIz3g44El.aiff","AQAWeFG6MUqUQTfuHUwewCfuIz3g44El"

"../DTL1000/1980/AQASX5sTJlJUvAh_qGKSHAAAADgOBAeO.aiff","AQASX5sTJlJUvAh_qGKSHAAAADgOBAeO"

"../DTL1000/1980/AQAHtEnkcREVaEwexDq4lDkmpkepSMeX.aiff","AQAHtEnkcREVaEwexDq4lDkmpkepSMeX"

"../DTL1000/1980/AQAJA2GkJUmkJVEQPsGspMeVyaD5YMon.aiff","AQAJA2GkJUmkJVEQPsGspMeVyaD5YMon"

"../DTL1000/1980/AQAL_dK0TEma4j8eOcTzoDxMhFJrJNeV.aiff","AQAL_dK0TEma4j8eOcTzoDxMhFJrJNeV"

"../DTL1000/1980/AQAKXomSJFGSZEqyBLIOn_hwoS90H-jh.aiff","AQAKXomSJFGSZEqyBLIOn_hwoS90H-jh"

"../DTL1000/1980/AQALnAnHW3hfYTq0NEb-BI8X8PiM41wz.aiff","AQALnAnHW3hfYTq0NEb-BI8X8PiM41wz"

"../DTL1000/1980/AQAHVVJ2SWLgl0N5IlZYQc2J6ETtoGkO.aiff","AQAHVVJ2SWLgl0N5IlZYQc2J6ETtoGkO"

"../DTL1000/1980/AQAH0EymJJKiSFFQ6zizTHh6HPXxDOGR.aiff","AQAH0EymJJKiSFFQ6zizTHh6HPXxDOGR"

"../DTL1000/1980/AQAL-sq4WFUENskeXIpu_LBKEmdYRcgT.aiff","AQAL-sq4WFUENskeXIpu_LBKEmdYRcgT"

"../DTL1000/1980/AQAM64mSTEmURBGDMAqlFw8epccPf2mw.aiff","AQAM64mSTEmURBGDMAqlFw8epccPf2mw"

"../DTL1000/1980/AQAKCMySKIqyZMGVGycu_OiPy0MYXiR6.aiff","AQAKCMySKIqyZMGVGycu_OiPy0MYXiR6"

"../DTL1000/1980/AQAHwJmiJVKSdMIHLX9UhI-Fxym-aM6R.aiff","AQAHwJmiJVKSdMIHLX9UhI-Fxym-aM6R"

"../DTL1000/1980/AQANqRqV6JECtzne4z6uvIE3DaF4Q0fO.aiff","AQANqRqV6JECtzne4z6uvIE3DaF4Q0fO"

"../DTL1000/1980/AQANwUmSaIoeJUmg5cFzpFv14A2-nPjg.aiff","AQANwUmSaIoeJUmg5cFzpFv14A2-nPjg"

"../DTL1000/1980/AQAJNkr0F8-Os0g1aT2EWFHSxriO6lFo.aiff","AQAJNkr0F8-Os0g1aT2EWFHSxriO6lFo"

"../DTL1000/1980/AQAJOUmiMZmkJHhwHtqZoznyMA4u9Mf2.aiff","AQAJOUmiMZmkJHhwHtqZoznyMA4u9Mf2"

"../DTL1000/1980/AQANRomSKJqmJBHxH-9xbMcPAz8-fPAJ.aiff","AQANRomSKJqmJBHxH-9xbMcPAz8-fPAJ"

"../DTL1000/1980/AQAG3w6VMFoTPDtyiD9i5fiO7zh-JMuD.aiff","AQAG3w6VMFoTPDtyiD9i5fiO7zh-JMuD"

"../DTL1000/1980/AQAMoBGXKVskIiqT42eEH3eOH82PXhGO.aiff","AQAMoBGXKVskIiqT42eEH3eOH82PXhGO"

"../DTL1000/1980/AQALsloUpaEWBSkFnTkRXjiNR6idFU-Y.aiff","AQALsloUpaEWBSkFnTkRXjiNR6idFU-Y"

"../DTL1000/1980/AQAMYNuThVIShOYNyh_6hOgl4YccVXh0.aiff","AQAMYNuThVIShOYNyh_6hOgl4YccVXh0"

"../DTL1000/1980/AQAHLFsjLYuU4AH3oDvCpBEeaPkRcuTw.aiff","AQAHLFsjLYuU4AH3oDvCpBEeaPkRcuTw"

"../DTL1000/1980/AQASnFm6iYwSRMp5fPmQ_UhuPNHwKNvx.aiff","AQASnFm6iYwSRMp5fPmQ_UhuPNHwKNvx"

"../DTL1000/1980/AQAPkBQzURZy4cnxH3InvB_Oo67gAz_a.aiff","AQAPkBQzURZy4cnxH3InvB_Oo67gAz_a"

"../DTL1000/1980/AQAJYSyzSVIE5DlU6kGdZEdzpscV6Erg.aiff","AQAJYSyzSVIE5DlU6kGdZEdzpscV6Erg"

"../DTL1000/1940/JE-3-029-19.wav","AQAEX0oSRUnENcGNvEvQ_PihJlo64UGb"

"../DTL1000/1940/JE-3-076-23.wav","AQAE6VEUKRmVTBHCSMqD0gKfBc1UlMl2"

"../DTL1000/1940/JE-3-091-09.wav","AQAFml3yaNGEPSGaiQGjYkoy7kX-IPkZ"

"../DTL1000/1940/JE-3-073-18.wav","AQAFWaKSRJqSJMlwJauEH28loT_84MEt"

"../DTL1000/1940/JE-2-040-08.wav","AQAFPYykRImSLErQhFr0IJ-hegmTIU90"

"../DTL1000/1940/JE-4-079-15.wav","AQAF7tq6pFHw7HC1w96KfSOoHKGSLOOR"

"../DTL1000/1940/JE-3-073-20.wav","AQAFlGtCUckStLEDL-uOPsJ78MzxE89F"

"../DTL1000/1940/JE-3-047-21.wav","AQAEf1SiJ6GIH_5x6sO1eEgrCXpihJkl"

"../DTL1000/1940/JE-4-035-17.wav","AQAF14qUJEnyRmi44C96MUfz4zxyJSK0"

"../DTL1000/1940/JE-4-079-21.wav","AQAFoFG2UyH2Qz_OQTOVB42WHl1zNNAP"

"../DTL1000/1940/JE-4-012-02.wav","AQAG34mlTJoThPmDUCaDJ8qQ50H1ofmC"

"../DTL1000/1940/JE-4-056-07.wav","AQAEBkmeRkq04L6xy8UP28eDdy8eDrWP"

"../DTL1000/1940/JE-4-054-16.wav","AQAFGBm7RHkS9ISWkEIe_EGnMVXQRH4Q"

"../DTL1000/1940/JE-3-081-01.wav","AQAFHdESJ2EYJZD4oNIJxcnywb4RWtmP"

"../DTL1000/1940/JE-3-094-24.wav","AQAFfBsTJRyTgMmMeMkNUeGPUD_-4nh6"

"../DTL1000/1940/JE-2-021-10.wav","AQAFVVElJ6JxHPoaxK_w7EPJFi439Phx"

"../DTL1000/1940/JE-2-041-21.wav","AQAFmI7GKJIS4uVWjEfyFvkPljl-1Hgi"

"../DTL1000/1940/JE-2-075-17.wav","AQAIQ3pIJUyEZyOJm8JDIzn-IFT6oYnK"

"../DTL1000/1940/JE-2-039-20.wav","AQAFgYsopVFGXFfQhR90o83xsErw5ygv"

"../DTL1000/1940/JE-4-073-12.wav","AQAFQ1G0RNHm4YqHR8-hVcmEXMfRp8ZT"

"../DTL1000/1940/JE-3-058-12.wav","AQAFd9OaJJfA5MmDPReSE_lR6iKe0MEP"

"../DTL1000/1940/JE-3-095-12.wav","AQAFg1KVKAk5BV-kYjaa1xWY492xo-Hw"

"../DTL1000/1940/JE-3-096-08.wav","AQAFJVKVZJmSKEKpMYIvhKyhOYyOtO_Q"

"../DTL1000/1940/JE-4-060-09.wav","AQAENFKSZNMkaXC1H4-g_UHzD5N1kHSx"

"../DTL1000/1940/JE-4-035-08.wav","AQAF_OSURVKSJfhxHT_C5SmhUkeO8_B2"

"../DTL1000/1940/JE-4-063-05.wav","AQAE8knGpNKWoEeTbG4EzlkH3UKvwY-g"

"../DTL1000/1940/JE-2-035-07.wav","AQAFQhKjZkoYoU9yNKGGOJeRHP8l9Etc"

"../DTL1000/1940/JE-4-034-11.wav","AQAF_GOULUmaJAnCL1IFLcmDrMzxzMVQ"

"../DTL1000/1940/JE-3-085-06.wav","AQAIiHpGM3iO_8Qf1EuO5j8OJP8RcVxw"

"../DTL1000/1940/JE-2-028-10.wav","AQAF8VWkLIqewPkO7TquHM9xoTOco1fx"

"../DTL1000/1940/JE-4-008-16.wav","AQAFWRMXJUmkwx_qaMeFQB-yMse-ownz"

"../DTL1000/1940/JE-2-040-01.wav","AQAFq0kiaXk27HqgJWQePIxd5FKOh8eP"

"../DTL1000/1940/JE-2-080-07.wav","AQAEb1mS6BElPOiRL4uKH4erTHinLMjD"

"../DTL1000/1940/JE-4-073-20.wav","AQAEz1MzZUkSJUOPB821I7R4qC_yfniD"

"../DTL1000/1940/JE-2-021-14.wav","AQAGLYqULVmWRBH2xIS7BZd14aMH_0d_"

"../DTL1000/1940/JE-2-041-18.wav","AQAEpZS0NEocPD8Op8mD_xjzg3oexD4S"

"../DTL1000/1940/JE-4-073-04.wav","AQAFJYkoJUuSFY-I-7gD_7iiHM-DH9V1"

"../DTL1000/1940/JE-4-001-13.wav","AQAFpV8USaIUdMRn-EePszixKzqyR53Q"

"../DTL1000/1940/JE-2-089-19.wav","AQAH6EsUJZFGDTWuRjb-CD165EjGH00T"

"../DTL1000/1940/JE-2-075-13.wav","AQAF4UnaJVGSJAp-gUtTkfh-TM-RRmzw"

"../DTL1000/1940/JE-3-100-23.wav","AQAGLMoWJU2SFGd2oTd89Oti3DkeJccP"

"../DTL1000/1940/JE-3-085-10.wav","AQAH7qGTRbKC_ijc8UTPQpfxGC_65fgx"

"../DTL1000/1940/JE-3-048-12.wav","AQAEQ4mkqY-EH3lmItaFD402ot_xXril"

"../DTL1000/1940/JE-2-079-21.wav","AQAFh4-USFIiIUfyB_5yPKOES0azqMmR"

"../DTL1000/1940/JE-4-010-04.wav","AQAIBIuSJEksJQl-XEJSm0J6WsJdHL0W"

"../DTL1000/1940/JE-4-019-04.wav","AQAF0YkiMUyURYD44_hT_Dgu-PQGQ8_R"

"../DTL1000/1940/JE-4-037-06.wav","AQALPqKU5BrRNDmS_ULkLEkJPgv2o8sH"

"../DTL1000/1940/JE-4-044-11.wav","AQAEmZJyLVmkJGhQpxP-ID6SpaPhBr1w"

"../DTL1000/1940/JE-2-034-06.wav","AQAJIlInJYmyBWcmE1cQPDgFTTmaHw-e"

"../DTL1000/1940/JE-3-081-13.wav","AQAGLEy4aFGiRIH_oV-q4Ed_NCf0Kime"

"../DTL1000/1940/JE-4-060-17.wav","AQAFh4kyXU8SaGk-5MrwDK7-AL-SBS_2"

"../DTL1000/1940/JE-3-018-10.wav","AQAFUsqlJIqSJcHp4tKOULqH51hdiD3K"

"../DTL1000/1940/JE-2-080-02.wav","AQAF3pSUMFMq7DJ-MAmH80jDH9qJHBf4"

"../DTL1000/1940/JE-4-020-03.wav","AQAFs6SWrEmy4Oh1-Ai96NCQOjiDBzY8"

"../DTL1000/1940/JE-4-034-05.wav","AQAFk5KeKlEUoT-SZUd-Bc1RD1WW_Ggu"

"../DTL1000/1940/JE-3-086-04.wav","AQAF-kolJcpUgU9W9EmGRs2J53hyHKfw"

"../DTL1000/1940/JE-2-034-05.wav","AQAI5OKahRbKJNqNNOlGCfqyByF-HH86"

"../DTL1000/1940/JE-4-067-21.wav","AQAEdglJUUwU5HgS5EhuKcfDMBOaJUuJ"

"../DTL1000/1940/JE-3-029-13.wav","AQAF9NKVSFIU4bjw4HiOKqMsCU2e6DiL"

"../DTL1000/1940/JE-4-074-08.wav","AQAFptGYSEwe_PgPMsFVHU2dEHV6qI6O"

"../DTL1000/1940/JE-3-082-18.wav","AQAFz0k0pYkkIj745EiTHslt1Dp-fAx-"

"../DTL1000/1940/JE-4-075-07.wav","AQAFON8mPQkeJ_iDH-45XB_04yeew8Ej"

"../DTL1000/1940/JE-3-034-22.wav","AQAEumdCLZqAy0LtInWkDFrKHDs49xkU"

"../DTL1000/1940/JE-2-039-13.wav","AQAE_1uTPhGm3CzKPcK11MiZbEiWP_AU"

"../DTL1000/1940/JE-2-074-19.wav","AQAFUNElLdxwIuxigxqP9HmO3MGPxnJH"

"../DTL1000/1940/JE-4-078-16.wav","AQAFZdKeLIpSPG-CKwpSRT9-LdCZX0ib"

"../DTL1000/1940/JE-4-097-03.wav","AQAOrpIeKomIP8IdTNL6IlEUxUYu50Kf"

"../DTL1000/1940/JE-4-027-07.wav","AQAHmMnnTGPQ1EEfHWcG_UH64jie4NIj"

"../DTL1000/1940/JE-4-012-01.wav","AQAHeosXLeLwLAr846ky_PiDPRqabTqS"

"../DTL1000/1940/JE-4-067-02.wav","AQAFb9OYeMkSwf_xI_2RRH5xdURlJYGT"

"../DTL1000/1940/JE-4-009-13.wav","AQAHco-qJNqEMyETwYmzC99y5McP_XBV"

"../DTL1000/1940/JE-3-096-07.wav","AQAGBMqUJcm4MGAlHclzCkH1C09yobyS"

"../DTL1000/1940/JE-3-014-19.wav","AQAFw0mUKIqSTUtwnAd2-Dj84tCD5sOP"

"../DTL1000/1940/JE-4-064-07.wav","AQAGPlq0ZNEYBW6OH80z4Hh6XI6m4NvR"

"../DTL1000/1940/JE-3-091-06.wav","AQAGDUlSJWGiZEqQ5NFxZhd6fIbbHPuJ"

"../DTL1000/1940/JE-4-048-11.wav","AQAFcJqVKEkiLUL4QPlx5shLJ8HFRBYI"

"../DTL1000/1940/JE-4-079-18.wav","AQAFYEmiZEnESEmSBJ_DFKqYiGiHXLpw"

"../DTL1000/1940/JE-2-077-10.wav","AQAH1JGSREqkJEoS4jzCZyIe9LAbhN_x"

"../DTL1000/1940/JE-4-064-03.wav","AQAF7VKUSYmuBM2eI3nyJMhzWE92jA-a"

"../DTL1000/1940/JE-3-049-11.wav","AQAGIpLMJLuCJ8eT1CUqPUPzAL-K5Eqq"

"../DTL1000/1940/JE-2-076-02.wav","AQAGNNQzLQx-PDm-48Ij6Dv6BM_RxEpO"

"../DTL1000/1940/JE-2-090-19.wav","AQAFllGWKJK0JEmSoBePZye4bi-Oc4Kf"

"../DTL1000/1940/JE-4-077-18.wav","AQAFAEmUJFISKUkSJcKXB2_xxsQzvIev"

"../DTL1000/1940/JE-4-020-01.wav","AQAFZ9OYRhGVoJJurEp0XFYqos-PKdcR"

"../DTL1000/1940/JE-4-043-09.wav","AQAFB7nGRBsRi1KIN1fQJE0bTMd5gU6-"

"../DTL1000/1940/JE-2-074-20.wav","AQAFS6KS5EkSRYF5nMwRKj-0pJqFn1CU"

"../DTL1000/1940/JE-2-008-10.wav","AQAIG1KSLNolwddRPNGD60QPX0mRf0h6"

"../DTL1000/1940/JE-3-014-11.wav","AQAFbFHENJKSLMInvCGu4FMUG9fAZFI2"

"../DTL1000/1940/JE-4-078-13.wav","AQAE_kmWKLGkSQiP5seP-mh-zHnw6_CO"

"../DTL1000/1940/JE-2-089-12.wav","AQAFlEyYJJI0RQma9wj1mEgWJcelzMf5"

"../DTL1000/1940/JE-2-008-13.wav","AQAH6WKSJUkUHg_x42eO6_DxKfhc5NsR"

"../DTL1000/1940/JE-4-075-01.wav","AQAFX9KiJXkUIX6Me9AeCU1lBno07Dsi"

"../DTL1000/1940/JE-3-016-16.wav","AQAF5GoSLUmiMKiiVYSf4j364zh69PhD"

"../DTL1000/1940/JE-4-028-14.wav","AQAEf0mihWGUQTnOw2N45K3wZBcePHiW"

"../DTL1000/1940/JE-4-014-01.wav","AQAH-ZKS6kqSBJciWniiH8d5Ij1DYQ-X"

"../DTL1000/1940/JE-2-021-15.wav","AQAGM0oSLk0ULUHTH09wkUfDKCz-IGcC"

"../DTL1000/1940/JE-4-002-10.wav","AQAFV8ojLVkSIS8P7Uib5Kh9BTzOTHjE"

"../DTL1000/1940/JE-4-005-18.wav","AQAF0FGiLEmiRNIUNNFUJGoipjh_-Ax-"

"../DTL1000/1940/JE-3-029-09.wav","AQAEoWRUKUm4YD9CiRmhJSmDHPxx9rgo"

"../DTL1000/1940/JE-4-028-09.wav","AQAEgmQjrYnQ_CiT49aD0EyCZE_x472C"

"../DTL1000/1950/JE-5-081-07.wav","AQAnQUwyJVKnJAgTJkmO5JTQR8nR8DuO"

"../DTL1000/1950/JE-4-052-16.wav","AQAEcZKiWZoYWMmF58FnHs6XCMcQWg-S"

"../DTL1000/1950/JE-5-068-02.wav","AQAIkpIkJYseNCuehIVr5wh7BsnzDBWS"

"../DTL1000/1950/JE-5-067-03.wav","AQATM0ymNkkUBU354EPOGWKeI-fxRLGC"

"../DTL1000/1950/JE-2-085-04.wav","AQALn3SUZJMSJbge_EKy5wrC5BPexA0u"

"../DTL1000/1950/JE-4-029-19.wav","AQAF_Eq6xMoolJ_wGcn_Ibye4bhx8Qhz"

"../DTL1000/1950/JE-4-084-20.wav","AQAKj1IWqgkj5BLEM0EV54LqJwzqo3lS"

"../DTL1000/1950/JE-2-064-02.wav","AQANqInG5NIEbyrxBX-C4_QF1D1wHL6D"

"../DTL1000/1950/JE-3-097-14.wav","AQAGPYnELEqiJImS4NQR5uinSzjqC2FO"

"../DTL1000/1950/JE-2-066-02.wav","AQALs1KWJUkiBckRfEHFaGiSyehfXLge"

"../DTL1000/1950/JE-2-013-20.wav","AQAFV9QmSQmzoMelHH344MSDH7twH5Xe"

"../DTL1000/1950/JE-2-100-09.wav","AQAJw5IkZ0mUJUj2LM-QCxXD4ngsnEcf"

"../DTL1000/1950/JE-4-031-11.wav","AQAFeumUJFKiaEL-4zouDI4ZvNkzXHqC"

"../DTL1000/1950/JE-2-060-02.wav","AQAI08_CSEsiob6QngqS5kF_fAxOHA9x"

"../DTL1000/1950/JE-4-084-06.wav","AQAEWWIyVlmU4Ief4zfK9WiWF7eD8EiW"

"../DTL1000/1950/JE-5-031-05.wav","AQAGRlOiJUmSMBt8H83xE3uQIDyDC36O"

"../DTL1000/1950/JE-5-080-04.wav","AQAIy9qYiEoWohkROcsDKUH85XAyPiiV"

"../DTL1000/1950/JE-5-036-09.wav","AQAGRpGSlIpiJJF-7DOe4MqDB80lo8fx"

"../DTL1000/1950/JE-4-086-14.wav","AQAF1ErCSEySJFEE1zqeo5lFvDpR5Tua"

"../DTL1000/1950/JE-3-099-05.wav","AQAHAFKiZZOSJBOaXHj44A-O3XiWouFR"

"../DTL1000/1950/JE-5-077-06.wav","AQANl9qViOiNH32WB81xcjuqhBnhRWED"

"../DTL1000/1950/JE-2-045-23.wav","AQAGZsmyKJmmOEgWN8cv7Ac_bI_w4Mrk"

"../DTL1000/1950/JE-5-099-11.wav","AQAK3eQnzbg05EmSHMmOJk-O5-jSOWim"

"../DTL1000/1950/JE-5-071-05.wav","AQAMkUqUhJqSKBSOrxd64g0SmBEvhCw5"

"../DTL1000/1950/JE-4-088-05.wav","AQAAjYmUTAq1YVdy_Ij31PipgDma58h5"

"../DTL1000/1950/JE-4-052-14.wav","AQAD-kw2OakGR1oehGNIBSqHXMeUhSil"

"../DTL1000/1950/JE-4-029-14.wav","AQAGKJmeqJEWaIcj5rCU7KjU487xzYWX"

"../DTL1000/1950/JE-4-082-17.wav","AQAD-EqXKIqegOmiDWIyCXeWCecPP0cR"

"../DTL1000/1950/JE-5-004-12.wav","AQALBOySJWmKH98jvD4ukmiuox_xHz9y"

"../DTL1000/1950/JE-5-047-02.wav","AQAMnlmyVAmTGJq24J2OmCL6ZDje44O_"

"../DTL1000/1950/JE-2-085-08.wav","AQAMAJmimkTyBN-O87hGB7syODp2HCez"

"../DTL1000/1950/JE-5-078-07.wav","AQAFn5SUiVEW4X3EoZ8lXMuRC5riITeu"

"../DTL1000/1950/JE-5-010-01.wav","AQAGp4nGZZGWRNA4hoLVDtfRXBwuloJ2"

"../DTL1000/1950/JE-2-063-07.wav","AQAPOlMkpdLR_MTz4NmD2PmRjseNv3jQ"

"../DTL1000/1950/JE-5-008-23.wav","AQAFfqKiZekWlFk02CEqS8Ez5cONKw1O"

"../DTL1000/1950/JE-4-076-13.wav","AQAGGdISZVErhD2aM3iCw3mMZ0GkTkez"

"../DTL1000/1950/JE-2-045-24.wav","AQAGycmiRImiKEyCHPmhJ0ekJM_xG5d0"

"../DTL1000/1950/JE-2-014-01.wav","AQAF5cmkJMo1wZMWo0_xHt1hpsIbHQ_h"

"../DTL1000/1950/JE-5-084-06.wav","AQAF17mSREpEBskX-FKGZ_zwJQ_q93BS"

"../DTL1000/1950/JE-4-072-09.wav","AQAIJkkSa5ISZQn6WAtYPcjPgpGkqnhC"

"../DTL1000/1950/JE-5-013-06.wav","AQAO6EnXqJGQB77xLKWCh8fhI7-hM8gn"

"../DTL1000/1950/JE-5-064-01.wav","AQAK34mYM5mCMOsyxuiL4y7evLiOJ0qS"

"../DTL1000/1950/JE-4-045-05.wav","AQAFo1I2JVKUJAt-fIePHs9RHf5Rqw9K"

"../DTL1000/1950/JE-4-050-09.wav","AQAJ11GUWE8GfheU5oiVSYcfHE_yJGj2"

"../DTL1000/1950/JE-5-038-09.wav","AQAHW1Si5FKShAip5IKccDliE9vBpYfj"

"../DTL1000/1950/JE-2-005-12.wav","AQAI-z-n4GbgbscXvXhi59j3DX7i4omR"

"../DTL1000/1950/JE-5-013-05.wav","AQAG1pQ7aUkSOB_x-MJjPOKRE8lLFqZ-"

"../DTL1000/1950/JE-5-078-13.wav","AQAMYcykqSruHY-xHT_qQ2qSB6fyDF-K"

"../DTL1000/1950/JE-4-064-16.wav","AQAGYkqSJMqYZRq2rI2Cciae41LO4HmH"

"../DTL1000/1950/JE-5-073-05.wav","AQAML3qUSJIi4ZoRWtFx89CPMOvUBN-F"

"../DTL1000/1950/JE-5-021-11.wav","AQAJP4suTUlw-EmOJ1KG20HzMCiZIwzH"

"../DTL1000/1950/JE-5-054-02.wav","AQAOAtQiScyiJPhx9DTS8kNSJlFSNMkl"

"../DTL1000/1950/JE-5-089-05.wav","AQAGIZI2fVzwE0_yoInxH867oEeSV1EW"

"../DTL1000/1950/JE-5-087-03.wav","AQALu4lEpqKSBFGcRTzGpsjp4wy06EGI"

"../DTL1000/1950/JE-4-086-12.wav","AQAIAhlpRQv05sitoqGPUGJIqOmRZ8OP"

"../DTL1000/1950/JE-4-042-11.wav","AQAGa0oyLaEiDcl5pLkCZmGi6fj2Y3_w"

"../DTL1000/1950/JE-2-085-10.wav","AQAM6NKXhAt84ul8fMHvJEXypBfy5fBH"

"../DTL1000/1950/JE-3-061-04.wav","AQAF1eGULVISLUF8WMmPSi96NE5P_MbD"

"../DTL1000/1950/JE-4-042-01.wav","AQAVfp-aRImD6nAVDo3D4sxxZVKGnNmR"

"../DTL1000/1950/JE-5-022-13.wav","AQAF-ZWWJImUCcBfPPjQo0dzPEcp0TgO"

"../DTL1000/1950/JE-3-086-16.wav","AQAGGZmqJIso4T_-oKmh8QgZzsbJBC4T"

"../DTL1000/1950/JE-5-064-08.wav","AQAQ1k6YJLqEZ_jTBO0pBcpe4oPlGe1j"

"../DTL1000/1950/JE-5-031-01.wav","AQAKkXQjiVGC58EPH1-cHmcdHMkQRr7x"

"../DTL1000/1950/JE-2-084-01.wav","AQAR06IUS1sS7Clx5vCyJ8Kt4sFjMKGe"

"../DTL1000/1950/JE-5-066-01.wav","AQAHTEoiSUq0JFmCG6m-49BxPD_w4xDO"

"../DTL1000/1950/JE-4-045-18.wav","AQAFRkqjKZci9IeJRD6y4yN-wTweeDp6"

"../DTL1000/1950/JE-5-089-07.wav","AQAEqLwlDZdlPE62ofGuILyh80ee4yJx"

"../DTL1000/1950/JE-5-057-04.wav","AQASK2PUyAqRxkuQ5Nlx08Ej4ooonAmD"

"../DTL1000/1950/JE-2-013-17.wav","AQAFA2GiZg0ROzl-IT888dAZSvCRjjWO"

"../DTL1000/1950/JE-3-091-17.wav","AQAGJFSkKEmUJCuOrj0uLQ-S8Yjp43Rw"

"../DTL1000/1950/JE-5-044-02.wav","AQALxkrEJFqiKEkiXJ7RhI4xWdlxodmO"

"../DTL1000/1950/JE-5-022-14.wav","AQAFe9m6KFGYKMgv4_GObxOeo_xh1TiV"

"../DTL1000/1950/JE-4-020-18.wav","AQAFWskSJlEUZcHx4jj0wPixHeXx4nsY"

"../DTL1000/1950/JE-5-029-01.wav","AQAJqhQlUYqU4M_x8HCDfD30I_2RQ9eR"

"../DTL1000/1950/JE-5-049-04.wav","AQASGMsrKdGSIGcWQ8uCSBfxB7tmnOCb"

"../DTL1000/1950/JE-5-035-02.wav","AQAFHInUJcqyBs2PkBLOBr_wo-F0hB6u"

"../DTL1000/1950/JE-2-084-02.wav","AQAS3Yy0qBx-HRuZTegd-OCDi_hyPJgW"

"../DTL1000/1950/JE-5-089-02.wav","AQAFx0q6hMqWCM9wCc8SRUNShNnRzsaV"

"../DTL1000/1950/JE-2-005-10.wav","AQAMvpIixwk-4sGsg7mEKXuQ89ATI-R9"

"../DTL1000/1950/JE-4-071-06.wav","AQAFUv6WTcHNIMx_JKOSo1KijEKjSiFO"

"../DTL1000/1950/JE-2-063-05.wav","AQANqDnFRNmEPOEQSvuRLOOHfXiOH3cV"

"../DTL1000/1950/JE-2-015-01.wav","AQAHMZMiMUl0jCm-B09OeA_KHNEPXUNG"

"../DTL1000/1950/JE-4-065-04.wav","AQAStoqSSGpoNAf-4AeTEj_CVJkD_Qjz"

"../DTL1000/1950/JE-4-022-02.wav","AQAGNlSTdVkiJD_yE88YB72OM8_xWQue"

"../DTL1000/1950/JE-4-081-20.wav","AQAEoUqkJVmyNQF__EejBtVxD8_xd4MZ"

"../DTL1000/1950/JE-5-087-01.wav","AQAG3ZyiRInIBY-ScCJ-GuMJ8QfvpMe8"

"../DTL1000/1950/JE-5-015-06.wav","AQAFjtIi5VKKOwj0Hg9-lDmaJCQeGjr-"

"../DTL1000/1950/JE-4-084-02.wav","AQAFeUrWKJeGPz-u4Irw7AgzHoly4dIx"

"../DTL1000/1950/JE-2-065-12.wav","AQAH-QmnZFSK66i4Q39HWB-D8Md5zMHB"

"../DTL1000/1950/JE-2-062-08.wav","AQALwqSUROoSBc2VB5WyJ_gXWEtznBve"

"../DTL1000/1950/JE-5-010-09.wav","AQAIP0mSbEkSLWJwQriC58E941CO9MK3"

"../DTL1000/1950/JE-4-059-15.wav","AQAE3FMSJcuVBNfyIww_6DdyhXiJqn3Q"

"../DTL1000/1950/JE-5-035-08.wav","AQAFiWK6JlEUwedw5D7x6vCy8HiFE1ZE"

"../DTL1000/1950/JE-2-100-11.wav","AQAO9kkiKXNSCc-C8x5-aOmD8MCZvIiZ"

"../DTL1000/1950/JE-2-096-04.wav","AQAfGUucREoookdyhHmao2ok48GPJqJy"

"../DTL1000/1950/JE-5-037-06.wav","AQAGOVEULmGiLEnQf0GzV5CaPAm-I08O"

"../DTL1000/1950/JE-5-081-02.wav","AQAJzxmXTBKLXEmOf3hyC5WPrWOOXj_q"

"../DTL1000/1950/JE-3-099-11.wav","AQAI5ZJUS2mQMw-SZzMa7kOfiIipKLGR"

"../DTL1000/1950/JE-4-072-13.wav","AQAH2lOoLFESLUmQLO-DPMvQTBIYB32S"

"../DTL1000/1950/JE-4-029-10.wav","AQAF7EkVKUsW6MKVDz1lPHwErxL6b0hO"

"../DTL1000/2010/AQANRn-EXPyQ7HxwGf1wYfyGBzX-wz-S.aiff","AQANRn-EXPyQ7HxwGf1wYfyGBzX-wz-S"

"../DTL1000/2010/AQAOe3KSJMykKdiTI2wuiEcW6cOPlYgp.aiff","AQAOe3KSJMykKdiTI2wuiEcW6cOPlYgp"

"../DTL1000/2010/AQATAUoSSVOSKJvg4znuKDnc5HB5HH5R.aiff","AQATAUoSSVOSKJvg4znuKDnc5HB5HH5R"

"../DTL1000/2010/AQAKSouYKYo0CckRPdqFJx_x7BGuM0Wf.aiff","AQAKSouYKYo0CckRPdqFJx_x7BGuM0Wf"

"../DTL1000/2010/AQAH6FwkPsV35MkFNW8EPzM-Hjdyw8-D.aiff","AQAH6FwkPsV35MkFNW8EPzM-Hjdyw8-D"

"../DTL1000/2010/AQAP81TURFGSRAp-wkd-QQ_SKemIJ0rw.aiff","AQAP81TURFGSRAp-wkd-QQ_SKemIJ0rw"

"../DTL1000/2010/AQAFAMoSKVkSMoiYOdAcHelzeNmT4haO.aiff","AQAFAMoSKVkSMoiYOdAcHelzeNmT4haO"

"../DTL1000/2010/AQAJq2-uJcRXnMe947SCxEyoIR9eZcWl.aiff","AQAJq2-uJcRXnMe947SCxEyoIR9eZcWl"

"../DTL1000/2010/AQAIgbSUSEqaBD8cM8XHCdeFXPCUInmi.aiff","AQAIgbSUSEqaBD8cM8XHCdeFXPCUInmi"

"../DTL1000/2010/AQANMFoYRZl01CKGB-yxB3qSHJ4oBz-e.aiff","AQANMFoYRZl01CKGB-yxB3qSHJ4oBz-e"

"../DTL1000/2010/AQAGFk4TSQoVJC9yHhdXBXvy4AeT63jC.aiff","AQAGFk4TSQoVJC9yHhdXBXvy4AeT63jC"

"../DTL1000/2010/AQAL5UmyKZE2PMmOSwmNTxgv43nQo5mU.aiff","AQAL5UmyKZE2PMmOSwmNTxgv43nQo5mU"

"../DTL1000/2010/AQAD2OmSKIu0KIKeVUh_4cyFU8XtEU5S.aiff","AQAD2OmSKIu0KIKeVUh_4cyFU8XtEU5S"

"../DTL1000/2010/AQAFx0ynLEqSKMKUSxUenOBPPNIXhH7x.aiff","AQAFx0ynLEqSKMKUSxUenOBPPNIXhH7x"

"../DTL1000/2010/AQAMJ1yaZeISNJES8qi3Hz-S8Ujjo5Qy.aiff","AQAMJ1yaZeISNJES8qi3Hz-S8Ujjo5Qy"

"../DTL1000/2010/AQANnYsXKWEkYUev5Gi8BH-MfIkoPDn-.aiff","AQANnYsXKWEkYUev5Gi8BH-MfIkoPDn-"

"../DTL1000/2010/AQAIAIqaZOGiKMGPTD9Uoysd8Ct0Jjke.aiff","AQAIAIqaZOGiKMGPTD9Uoysd8Ct0Jjke"

"../DTL1000/2010/AQAIZkmURNqSUUE-7nhypHlw6Aucg042.aiff","AQAIZkmURNqSUUE-7nhypHlw6Aucg042"

"../DTL1000/2010/AQALPElSKVKiRFIC_zuOP9CVRLiIH9Nm.aiff","AQALPElSKVKiRFIC_zuOP9CVRLiIH9Nm"

"../DTL1000/2010/AQAJW0q-xUoiHFd0pNcFqfwy5HBN0ImO.aiff","AQAJW0q-xUoiHFd0pNcFqfwy5HBN0ImO"

"../DTL1000/2010/AQAKPYn0LEkiLdA56MxYolKOV0c69ai6.aiff","AQAKPYn0LEkiLdA56MxYolKOV0c69ai6"

"../DTL1000/2010/AQAJPomSUYm1wOiBHm5EaEbR_DjUuMf1.aiff","AQAJPomSUYm1wOiBHm5EaEbR_DjUuMf1"

"../DTL1000/2010/AQAJVkmoJFEYZUkS6MzwVUKP9GHxC-nz.aiff","AQAJVkmoJFEYZUkS6MzwVUKP9GHxC-nz"

"../DTL1000/2010/AQAh49eSKTpM5MdOBTqaY_rxJA-Ohjuq.aiff","AQAh49eSKTpM5MdOBTqaY_rxJA-Ohjuq"

"../DTL1000/2010/AQAMe1EkKZmipLh69DEONfGFNkf5IHV4.aiff","AQAMe1EkKZmipLh69DEONfGFNkf5IHV4"

"../DTL1000/2010/AQAK5UwSbZIYRUh2IVY2_MdV1OmLpkKe.aiff","AQAK5UwSbZIYRUh2IVY2_MdV1OmLpkKe"

"../DTL1000/2010/AQAGvbr2aAz6-Wi4ncihXXsRhhEz_Cm-.aiff","AQAGvbr2aAz6-Wi4ncihXXsRhhEz_Cm-"

"../DTL1000/2010/AQAJxJLESUySLHiDRl1I9CKeCJfD4HLg.aiff","AQAJxJLESUySLHiDRl1I9CKeCJfD4HLg"

"../DTL1000/2010/AQAMG0rSRIvECc2Db8ep47rg49rx6Ege.aiff","AQAMG0rSRIvECc2Db8ep47rg49rx6Ege"

"../DTL1000/2010/AQAJUFIoKZkUScFfVD_CRTruwx2PnziJ.aiff","AQAJUFIoKZkUScFfVD_CRTruwx2PnziJ"

"../DTL1000/2010/AQAJL8oViQS_I5dwHs0OjdGe4coyCSV5.aiff","AQAJL8oViQS_I5dwHs0OjdGe4coyCSV5"

"../DTL1000/2010/AQALiEmeJFy2CHngiHkGUs9xofkx-niS.aiff","AQALiEmeJFy2CHngiHkGUs9xofkx-niS"

"../DTL1000/2010/AQAP5no0MVESogh_fEd__BD_In7xHxea.aiff","AQAP5no0MVESogh_fEd__BD_In7xHxea"

"../DTL1000/2010/AQAKlomUKQ2zJHBfPHkyfArxePCPR7uQ.aiff","AQAKlomUKQ2zJHBfPHkyfArxePCPR7uQ"

"../DTL1000/2010/AQAP0MkSMYmUyegV3MjxJOibozn6CM2N.aiff","AQAP0MkSMYmUyegV3MjxJOibozn6CM2N"

"../DTL1000/2010/AQAIkIwSJcsqBudxol-RQx9-PIdmDmme.aiff","AQAIkIwSJcsqBudxol-RQx9-PIdmDmme"

"../DTL1000/2010/AQAHr0oSJnK2REFzIMyPK8dJhE-Poyea.aiff","AQAHr0oSJnK2REFzIMyPK8dJhE-Poyea"

"../DTL1000/2010/AQANlEokPkm2CP2N5jh3vFcm_BFODj-A.aiff","AQANlEokPkm2CP2N5jh3vFcm_BFODj-A"

"../DTL1000/2010/AQAFmUoSJsmSMREmRsV_PEXjJ-iPA_lR.aiff","AQAFmUoSJsmSMREmRsV_PEXjJ-iPA_lR"

"../DTL1000/2010/AQAIlose9cIDXsWTHPvxHk19PAxzXHtw.aiff","AQAIlose9cIDXsWTHPvxHk19PAxzXHtw"

"../DTL1000/2010/AQAHWtKaLFLCCH9l5KGHvMfzoitzfLVS.aiff","AQAHWtKaLFLCCH9l5KGHvMfzoitzfLVS"

"../DTL1000/2010/AQAlD2cSSVSiBDCjFg_RnML0I1KOZMcX.aiff","AQAlD2cSSVSiBDCjFg_RnML0I1KOZMcX"

"../DTL1000/2010/AQAKqUmWiOMYNMmC2oR0aAiZK7iULXiS.aiff","AQAKqUmWiOMYNMmC2oR0aAiZK7iULXiS"

"../DTL1000/2010/AQAOHtIjKTP6Gs1w5Me_BvqDbkHKWHiR.aiff","AQAOHtIjKTP6Gs1w5Me_BvqDbkHKWHiR"

"../DTL1000/2010/AQARDauWTEmiCcl1pHvAKZWPd8fIJEda.aiff","AQARDauWTEmiCcl1pHvAKZWPd8fIJEda"

"../DTL1000/2010/AQAO_0q26FSDI38Ofc1T8EN4pphyCj-P.aiff","AQAO_0q26FSDI38Ofc1T8EN4pphyCj-P"

"../DTL1000/2010/AQAIU0p0ZcyCC3auRHiiT0GiHTlKjwma.aiff","AQAIU0p0ZcyCC3auRHiiT0GiHTlKjwma"

"../DTL1000/2010/AQAOE0mSRGkSKcmI7sCnB62EX7B-9Mej.aiff","AQAOE0mSRGkSKcmI7sCnB62EX7B-9Mej"

"../DTL1000/2010/AQAIH-GkKImSZAt8vKKgyEki6gCP-Y1x.aiff","AQAIH-GkKImSZAt8vKKgyEki6gCP-Y1x"

"../DTL1000/2010/AQALplIcdZkU9D0mK24ALtOHL5lRKXEk.aiff","AQALplIcdZkU9D0mK24ALtOHL5lRKXEk"

"../DTL1000/2010/AQAMgFoSKdkkNaiS4D9-4Dim58jxBx-c.aiff","AQAMgFoSKdkkNaiS4D9-4Dim58jxBx-c"

"../DTL1000/2010/AQAJyYt0aSH-wEmO5FFS5Awu9EimHHme.aiff","AQAJyYt0aSH-wEmO5FFS5Awu9EimHHme"

"../DTL1000/2010/AQAON4kiJSsVCWEWnQlOtfBznHiOK0eZ.aiff","AQAON4kiJSsVCWEWnQlOtfBznHiOK0eZ"

"../DTL1000/2010/AQAMoMoobYqy4TOeoLzR1ElRRxeOXj4S.aiff","AQAMoMoobYqy4TOeoLzR1ElRRxeOXj4S"

"../DTL1000/2010/AQALnEymJIpGotkzHOHRPBt0IcdzPIsX.aiff","AQALnEymJIpGotkzHOHRPBt0IcdzPIsX"

"../DTL1000/2010/AQANqEmSJMmUKJKEZ0S4OzjR9AhP9GGx.aiff","AQANqEmSJMmUKJKEZ0S4OzjR9AhP9GGx"

"../DTL1000/2010/AQAXjRGnZBElfD_iJyHY5VnQKhJHbDyu.aiff","AQAXjRGnZBElfD_iJyHY5VnQKhJHbDyu"

"../DTL1000/2010/AQAMKcqUSGWSJZh4D64YtUIfPMeHo2Lg.aiff","AQAMKcqUSGWSJZh4D64YtUIfPMeHo2Lg"

"../DTL1000/2010/AQAPTtGUPJODkD98MOdwEX-GyHrxLTiT.aiff","AQAPTtGUPJODkD98MOdwEX-GyHrxLTiT"

"../DTL1000/2010/AQAJ8dKmMJkSSTi-6CjzolH-4T7OE0tS.aiff","AQAJ8dKmMJkSSTi-6CjzolH-4T7OE0tS"

"../DTL1000/2010/AQAJtU0iJUmkUYG28viDn8Uf-JIR57Wg.aiff","AQAJtU0iJUmkUYG28viDn8Uf-JIR57Wg"

"../DTL1000/2010/AQANBQmfJeGgN_GQJw_OB59IJHycIBd-.aiff","AQANBQmfJeGgN_GQJw_OB59IJHycIBd-"

"../DTL1000/2010/AQALRWr2aEsSXPj_4MyRXDbC7KtgVikq.aiff","AQALRWr2aEsSXPj_4MyRXDbC7KtgVikq"

"../DTL1000/2010/AQAPkxKTTJGi4NuOPmORkDumH7-gPwX_.aiff","AQAPkxKTTJGi4NuOPmORkDumH7-gPwX_"

"../DTL1000/2010/AQAQlZKiLIqoJUJJBv_RHR96hkh-Iscb.aiff","AQAQlZKiLIqoJUJJBv_RHR96hkh-Iscb"

"../DTL1000/2010/AQAIWlITdaKEZNkahNeKojl3PPoR8od2.aiff","AQAIWlITdaKEZNkahNeKojl3PPoR8od2"

"../DTL1000/2010/AQAQ8lOSKGSSRMWt4vgKqz2erUO5W8j1.aiff","AQAQ8lOSKGSSRMWt4vgKqz2erUO5W8j1"

"../DTL1000/2010/AQAOe1FKRYmiQI12IUwkU0KdHD9-GQ1j.aiff","AQAOe1FKRYmiQI12IUwkU0KdHD9-GQ1j"

"../DTL1000/2010/AQAJpJcULcOnI06kVTi0y0T6LUNFRWER.aiff","AQAJpJcULcOnI06kVTi0y0T6LUNFRWER"

"../DTL1000/2010/AQAIqNciZVKUBD2aZA_etDJ-7AqeScKV.aiff","AQAIqNciZVKUBD2aZA_etDJ-7AqeScKV"

"../DTL1000/2010/AQAKW0uijFPy4Bt--ERf4h8vHDGNZJ12.aiff","AQAKW0uijFPy4Bt--ERf4h8vHDGNZJ12"

"../DTL1000/2010/AQAQT1SWRKGWSHiOR9uRLCORG32OPD70.aiff","AQAQT1SWRKGWSHiOR9uRLCORG32OPD70"

"../DTL1000/2010/AQAQA5qSJEu0COayo6vw42i2BpV5XDma.aiff","AQAQA5qSJEu0COayo6vw42i2BpV5XDma"

"../DTL1000/2010/AQAMq4oSLVE0TWjq2MH7ILquoHkvVMSf.aiff","AQAMq4oSLVE0TWjq2MH7ILquoHkvVMSf"

"../DTL1000/2010/AQAJtkkYJVmWaImgk3ivoXySwRxRasQP.aiff","AQAJtkkYJVmWaImgk3ivoXySwRxRasQP"

"../DTL1000/2010/AQAMV8qaRKsa8Hjw5cJ45AxkrepwKU-C.aiff","AQAMV8qaRKsa8Hjw5cJ45AxkrepwKU-C"

"../DTL1000/2010/AQAIprqYSHHwRFSEZ4uOww9-PEhaRPJ4.aiff","AQAIprqYSHHwRFSEZ4uOww9-PEhaRPJ4"

"../DTL1000/2010/AQAM3ErWMImN7_iDMocRfsQXFvrR5_Cc.aiff","AQAM3ErWMImN7_iDMocRfsQXFvrR5_Cc"

"../DTL1000/2010/AQAGHEmiJEoUqcmC_PiG3-i-TchfiL9Q.aiff","AQAGHEmiJEoUqcmC_PiG3-i-TchfiL9Q"

"../DTL1000/2010/AQAF3kmWLGoiLcL3CDXRnBzyS3iuCU2o.aiff","AQAF3kmWLGoiLcL3CDXRnBzyS3iuCU2o"

"../DTL1000/2010/AQAM8WkyRVqWJLikEtqeET-SEuWa4hEf.aiff","AQAM8WkyRVqWJLikEtqeET-SEuWa4hEf"

"../DTL1000/2010/AQAHB6kSLR9xZRApLce5wy9-4U_QcIUi.aiff","AQAHB6kSLR9xZRApLce5wy9-4U_QcIUi"

"../DTL1000/2010/AQAJeUrCaImiSBM-gEegEz-QI8UPHIOO.aiff","AQAJeUrCaImiSBM-gEegEz-QI8UPHIOO"

"../DTL1000/2010/AQAK60kSSkmSJImUKDiOGMfxgjnRxodV.aiff","AQAK60kSSkmSJImUKDiOGMfxgjnRxodV"

"../DTL1000/2010/AQANU8oSqYqq4MTzID_Ey8j14JIiXK2C.aiff","AQANU8oSqYqq4MTzID_Ey8j14JIiXK2C"

"../DTL1000/2010/AQAJLUquLGODX8GZBydKakOTNDL-IzmP.aiff","AQAJLUquLGODX8GZBydKakOTNDL-IzmP"

"../DTL1000/2010/AQALfBSpTUoW_MYTDl85nB_G3fgRtjvE.aiff","AQALfBSpTUoW_MYTDl85nB_G3fgRtjvE"

"../DTL1000/2010/AQAOwJGSSUmkUQmS3XgZPPqCH2R_9EJz.aiff","AQAOwJGSSUmkUQmS3XgZPPqCH2R_9EJz"

"../DTL1000/2010/AQAIpUkyUcmUJFqgaEV6vMeN6xlxmDvx.aiff","AQAIpUkyUcmUJFqgaEV6vMeN6xlxmDvx"

"../DTL1000/2010/AQAEgpK4T8MTn3A8PEcevUh44zSaZ9NQ.aiff","AQAEgpK4T8MTn3A8PEcevUh44zSaZ9NQ"

"../DTL1000/2010/AQASFdTyKaESFN_y4HvgKcJ9NDJLxEbC.aiff","AQASFdTyKaESFN_y4HvgKcJ9NDJLxEbC"

"../DTL1000/2010/AQAKT1MSLQmVKAES_UG42MgP3bgsGwnP.aiff","AQAKT1MSLQmVKAES_UG42MgP3bgsGwnP"

"../DTL1000/2010/AQAJi1GUMFGiJBORNLtwoh1lwuPRo9yJ.aiff","AQAJi1GUMFGiJBORNLtwoh1lwuPRo9yJ"

"../DTL1000/2010/AQAKOVmTkAmzwE4WeviJp1Lw5ELvo_gF.aiff","AQAKOVmTkAmzwE4WeviJp1Lw5ELvo_gF"

"../DTL1000/2010/AQAHX1EULcmSFsG5A_0R7UePCxe0Czj6.aiff","AQAHX1EULcmSFsG5A_0R7UePCxe0Czj6"

"../DTL1000/2010/AQALIVEUJkqSOBHeLJB_vA8a3kH-ofuK.aiff","AQALIVEUJkqSOBHeLJB_vA8a3kH-ofuK"

"../DTL1000/2010/AQAJ6KISmomGT10WvBVs-cWlLMGF5klG.aiff","AQAJ6KISmomGT10WvBVs-cWlLMGF5klG"

"../DTL1000/2010/AQAMC9GUKH0SJBn-4Q9qW_D2DrXaokcT.aiff","AQAMC9GUKH0SJBn-4Q9qW_D2DrXaokcT"

"../DTL1000/2010/AQAVXloSLUkmxeijBzmSSscjfM9wHlMe.aiff","AQAVXloSLUkmxeijBzmSSscjfM9wHlMe"

"../DTL1000/2010/AQAMgkyoXMRRB1eGW_iZCC8bAclJBC8e.aiff","AQAMgkyoXMRRB1eGW_iZCC8bAclJBC8e"

"../DTL1000/2010/AQAHG06sTA-KtQmRxckkSFSUI86x03iE.aiff","AQAHG06sTA-KtQmRxckkSFSUI86x03iE"

"../DTL1000/2010/AQAKzJYoSlqE6eCPPk-RXBmN6Bm-Dv_R.aiff","AQAKzJYoSlqE6eCPPk-RXBmN6Bm-Dv_R"

"../DTL1000/2010/AQAUqVHSJFGeEXqHFPXxXDtY5kafwOcq.aiff","AQAUqVHSJFGeEXqHFPXxXDtY5kafwOcq"

"../DTL1000/2010/AQAFL0z4JEoWBbVS48nxFHmO9yTqQOzR.aiff","AQAFL0z4JEoWBbVS48nxFHmO9yTqQOzR"

"../DTL1000/2010/AQAMpYokJYuiRCKM97gP30Ki4McPPWOR.aiff","AQAMpYokJYuiRCKM97gP30Ki4McPPWOR"

"../DTL1000/2010/AQAEK14SaRFx2MYDOx2NR8Ff-DweCqeO.aiff","AQAEK14SaRFx2MYDOx2NR8Ff-DweCqeO"

"../DTL1000/2010/AQAJJInKRAmNnviL-xB_nIaPE4946DuO.aiff","AQAJJInKRAmNnviL-xB_nIaPE4946DuO"

"../DTL1000/2010/AQALG3KrKEpwfPgR8oEpRYf2dER_RNLx.aiff","AQALG3KrKEpwfPgR8oEpRYf2dER_RNLx"

"../DTL1000/2010/AQAKRkqUZMuSbERzooo2RE8MxUL4zWja.aiff","AQAKRkqUZMuSbERzooo2RE8MxUL4zWja"

"../DTL1000/2010/AQAKBlKiJEmSKEkkPFbwH3mV4NFxHVqP.aiff","AQAKBlKiJEmSKEkkPFbwH3mV4NFxHVqP"

"../DTL1000/1990/AQACPk9GKUkUonqKFLWOcnqgpXrwHBeH.aiff","AQACPk9GKUkUonqKFLWOcnqgpXrwHBeH"

"../DTL1000/1990/AQAQn0okPkqOCk2yNMd9PPmRXFSHMFQY.aiff","AQAQn0okPkqOCk2yNMd9PPmRXFSHMFQY"

"../DTL1000/1990/AQAbyVaUbEmkBleO68GdY0piHv9hCjdu.aiff","AQAbyVaUbEmkBleO68GdY0piHv9hCjdu"

"../DTL1000/1990/AQANw1-TSMuCo_DR7_ixI4dqHcVzHAAA.aiff","AQANw1-TSMuCo_DR7_ixI4dqHcVzHAAA"

"../DTL1000/1990/AQALVUmSjFKkKEkU_ARy_MAlIf1RPEOf.aiff","AQALVUmSjFKkKEkU_ARy_MAlIf1RPEOf"

"../DTL1000/1990/AQAKy0wkhUvCRPBzhPJCLtCPJxpKPkJz.aiff","AQAKy0wkhUvCRPBzhPJCLtCPJxpKPkJz"

"../DTL1000/1990/AQAJeYuSJUoS5RE-RReeUDiO_Uc_R0HT.aiff","AQAJeYuSJUoS5RE-RReeUDiO_Uc_R0HT"

"../DTL1000/1990/AQAJYspFSpHwD29wZUQzH72KK8fxHM-O.aiff","AQAJYspFSpHwD29wZUQzH72KK8fxHM-O"

"../DTL1000/1990/AQAW-0mmJNNCJRF0VUFD4k64FKm2xUU1.aiff","AQAW-0mmJNNCJRF0VUFD4k64FKm2xUU1"

"../DTL1000/1990/AQAU_EoSh8mULAmaPceXBCe-IxlzRJZ-.aiff","AQAU_EoSh8mULAmaPceXBCe-IxlzRJZ-"

"../DTL1000/1990/AQAIf5HThIoShF_RJDcuPMd348mF0M3h.aiff","AQAIf5HThIoShF_RJDcuPMd348mF0M3h"

"../DTL1000/1990/AQAOstLFLNEiXCfOKMfz4Dl6eKGPUMmT.aiff","AQAOstLFLNEiXCfOKMfz4Dl6eKGPUMmT"

"../DTL1000/1990/AQAM9EqkRKPCREIYmhHKH70pOJ-GOM3h.aiff","AQAM9EqkRKPCREIYmhHKH70pOJ-GOM3h"

"../DTL1000/1990/AQAL04uydBSHX_ixKwnyiUjy4Tke5hgp.aiff","AQAL04uydBSHX_ixKwnyiUjy4Tke5hgp"

"../DTL1000/1990/AQANZkmUi6oUiE-EIn2wk8TVUQq6JM_g.aiff","AQANZkmUi6oUiE-EIn2wk8TVUQq6JM_g"

"../DTL1000/1990/AQAKpE-kTMkk_Hnw5EGTaMyESot0HNfx.aiff","AQAKpE-kTMkk_Hnw5EGTaMyESot0HNfx"

"../DTL1000/1990/AQAMuEqSKVEWSWFwBm8OFIqDBy9T4brw.aiff","AQAMuEqSKVEWSWFwBm8OFIqDBy9T4brw"

"../DTL1000/1990/AQAGZZKeKJ2SoI5yODysP0SviEL1oFmS.aiff","AQAGZZKeKJ2SoI5yODysP0SviEL1oFmS"

"../DTL1000/1990/AQAJX0pESskiJuiL5rmQTdIDkY_xJZGR.aiff","AQAJX0pESskiJuiL5rmQTdIDkY_xJZGR"

"../DTL1000/1990/AQAOQEmSSEmWJ1oQ6c7xCM94PFFCVAoe.aiff","AQAOQEmSSEmWJ1oQ6c7xCM94PFFCVAoe"

"../DTL1000/1990/AQAMJ1aWNKKQODyF4PC14MfFB9-DnDm0.aiff","AQAMJ1aWNKKQODyF4PC14MfFB9-DnDm0"

"../DTL1000/1990/AQAYS9GWMJEUScKdafgLFb2O_LB2_MSN.aiff","AQAYS9GWMJEUScKdafgLFb2O_LB2_MSN"

"../DTL1000/1990/AQAN8Fq6JEmiRImC9xRckURnoRL5Ir12.aiff","AQAN8Fq6JEmiRImC9xRckURnoRL5Ir12"

"../DTL1000/1990/AQAKCIoeJVZCMHmUIx-DWxaeBpf4BDo9.aiff","AQAKCIoeJVZCMHmUIx-DWxaeBpf4BDo9"

"../DTL1000/1990/AQAR3WGkRI9QHIr7IM-KH80ZolaGF85X.aiff","AQAR3WGkRI9QHIr7IM-KH80ZolaGF85X"

"../DTL1000/1990/AQAfeYmarNGkIazCYMqP43nQVAyqJyF4.aiff","AQAfeYmarNGkIazCYMqP43nQVAyqJyF4"

"../DTL1000/1990/AQALclKXSFkWYQqT8GBSccbfEM2DSRLF.aiff","AQALclKXSFkWYQqT8GBSccbfEM2DSRLF"

"../DTL1000/1990/AQAQ0kl0KeUCHz-ejIafEP3xvPhSKriC.aiff","AQAQ0kl0KeUCHz-ejIafEP3xvPhSKriC"

"../DTL1000/1990/AQAKqtE2JUmYFNqJGz_gS7gAH8dhHM5x.aiff","AQAKqtE2JUmYFNqJGz_gS7gAH8dhHM5x"

"../DTL1000/1990/AQAGu2SSpVGYoF9neMcPdz96BrUyIWkm.aiff","AQAGu2SSpVGYoF9neMcPdz96BrUyIWkm"

"../DTL1000/1990/AQAHIiIXStIUPEkijCKRO5CS6oj05Dlq.aiff","AQAHIiIXStIUPEkijCKRO5CS6oj05Dlq"

"../DTL1000/1990/AQAMZkmmJNHjJLhPhDtnfKqxDX2So9eN.aiff","AQAMZkmmJNHjJLhPhDtnfKqxDX2So9eN"

"../DTL1000/1990/AQAHeSKXakqg6ziaoxcVPIoxi8rxLQ-Y.aiff","AQAHeSKXakqg6ziaoxcVPIoxi8rxLQ-Y"

"../DTL1000/1990/AQAV7UvCZskORukU3MmDyD-SL7gc4imP.aiff","AQAV7UvCZskORukU3MmDyD-SL7gc4imP"

"../DTL1000/1990/AQAGq1k0JUmUC7qO41mOwyuNA7AWHCei.aiff","AQAGq1k0JUmUC7qO41mOwyuNA7AWHCei"

"../DTL1000/1990/AQAQ6kvCJJEyRkngI__gudDKD3lxykN_.aiff","AQAQ6kvCJJEyRkngI__gudDKD3lxykN_"

"../DTL1000/1990/AQAK9JkiMWMSQmZn9DB6nOh-NBf-4zf6.aiff","AQAK9JkiMWMSQmZn9DB6nOh-NBf-4zf6"

"../DTL1000/1990/AQAIsWKmOHrw__gwHMaPXDnOzEWTXNA-.aiff","AQAIsWKmOHrw__gwHMaPXDnOzEWTXNA-"

"../DTL1000/1990/AQAI7YqWKIoqSYE5Ew9rvCp8_PAR_niG.aiff","AQAI7YqWKIoqSYE5Ew9rvCp8_PAR_niG"

"../DTL1000/1990/AQALIomyKFGiKEOeHQf-4_HQMFfwJEcS.aiff","AQALIomyKFGiKEOeHQf-4_HQMFfwJEcS"

"../DTL1000/1990/AQASGNITKyNu9DTy4lEQng_GPEclK7Bz.aiff","AQASGNITKyNu9DTy4lEQng_GPEclK7Bz"

"../DTL1000/1990/AQAJhEkSaUlEJQtu-Dhc4IBPC9-BHz7e.aiff","AQAJhEkSaUlEJQtu-Dhc4IBPC9-BHz7e"

"../DTL1000/1990/AQADXEmSJFmUKFOBG79gHD8OHw-O4zhw.aiff","AQADXEmSJFmUKFOBG79gHD8OHw-O4zhw"

"../DTL1000/1990/AQAKVpK4SInI4PglPOESPESPk0LoLUyQ.aiff","AQAKVpK4SInI4PglPOESPESPk0LoLUyQ"

"../DTL1000/1990/AQAccUmoJYmqCYc_4cL3BP1h_ugv_PCL.aiff","AQAccUmoJYmqCYc_4cL3BP1h_ugv_PCL"

"../DTL1000/1990/AQAKpNqYJQ1xFD-OJ1WMfqHgB-_xI8cP.aiff","AQAKpNqYJQ1xFD-OJ1WMfqHgB-_xI8cP"

"../DTL1000/1990/AQAIMlIihYqSRgn6yDjf4j8e5niOikfj.aiff","AQAIMlIihYqSRgn6yDjf4j8e5niOikfj"

"../DTL1000/1990/AQAVuVGSJ5fQgyXxLWD5BeEzY3v4IbSK.aiff","AQAVuVGSJ5fQgyXxLWD5BeEzY3v4IbSK"

"../DTL1000/1990/AQAXwkmyZAmTZSFCXQRVKkLPGJX0Ij20.aiff","AQAXwkmyZAmTZSFCXQRVKkLPGJX0Ij20"

"../DTL1000/1990/AQAR00kiZjnREy6PUAn54OFyHDfyFJqp.aiff","AQAR00kiZjnREy6PUAn54OFyHDfyFJqp"

"../DTL1000/1990/AQAgPUkSNVGSNMThEsXxVCqO68hR6uHg.aiff","AQAgPUkSNVGSNMThEsXxVCqO68hR6uHg"

"../DTL1000/1990/AQAD0EkiKpGkLEkEIbSSE40zXEY7NGKy.aiff","AQAD0EkiKpGkLEkEIbSSE40zXEY7NGKy"

"../DTL1000/1990/AQANgqGSKMqsIhJ_4wefrKj9I8wO_U-I.aiff","AQANgqGSKMqsIhJ_4wefrKj9I8wO_U-I"

"../DTL1000/1990/AQAJnko8ZZs0NOuQH4ofNPsQ5vvQSmRW.aiff","AQAJnko8ZZs0NOuQH4ofNPsQ5vvQSmRW"

"../DTL1000/1990/AQALptMyZkoWBbfE4B_8oWSm4cW4tERP.aiff","AQALptMyZkoWBbfE4B_8oWSm4cW4tERP"

"../DTL1000/1990/AQAFKE6SJaGk4hOuYNYOOwyN73hYqCJx.aiff","AQAFKE6SJaGk4hOuYNYOOwyN73hYqCJx"

"../DTL1000/1990/AQATaVMSSrqUwEGP0D-0PNGDH4-UHdfR.aiff","AQATaVMSSrqUwEGP0D-0PNGDH4-UHdfR"

"../DTL1000/1990/AQAJFdGiLUnS4gv6CIeGH7-DHs1xHIJ-.aiff","AQAJFdGiLUnS4gv6CIeGH7-DHs1xHIJ-"

"../DTL1000/1990/AQAKNkwSJYkSaVES2Ic1BkukRsccHvmR.aiff","AQAKNkwSJYkSaVES2Ic1BkukRsccHvmR"

"../DTL1000/1990/AQAJQUpCRRI1wmcQhmNCSN8RLzeeH7eS.aiff","AQAJQUpCRRI1wmcQhmNCSN8RLzeeH7eS"

"../DTL1000/1990/AQAIvMpkqsWPyxae2Ei6HflhRTn4DbfC.aiff","AQAIvMpkqsWPyxae2Ei6HflhRTn4DbfC"

"../DTL1000/1990/AQAKWlISMUmSKAR8HL_QPahPwG6Ob8aD.aiff","AQAKWlISMUmSKAR8HL_QPahPwG6Ob8aD"

"../DTL1000/1990/AQAMN1GkREmiUA0u9Fp8iEx1_LCuGCcv.aiff","AQAMN1GkREmiUA0u9Fp8iEx1_LCuGCcv"

"../DTL1000/1990/AQAIkdqTURI-EnWDNxeeI7-RoJ-Hhmqo.aiff","AQAIkdqTURI-EnWDNxeeI7-RoJ-Hhmqo"

"../DTL1000/1990/AQAKismTJI8knEdzTFbR0_gNHmbRH8eJ.aiff","AQAKismTJI8knEdzTFbR0_gNHmbRH8eJ"

"../DTL1000/1990/AQAHH0oUKUouJXhEq3jEBk19tMczNEf3.aiff","AQAHH0oUKUouJXhEq3jEBk19tMczNEf3"

"../DTL1000/1990/AQAIHNSibBsj5GGOR61wOkisZQ-8J7gv.aiff","AQAIHNSibBsj5GGOR61wOkisZQ-8J7gv"

"../DTL1000/1990/AQAKX5KiKgm3BLFNNCF1TF9uNFJ0osef.aiff","AQAKX5KiKgm3BLFNNCF1TF9uNFJ0osef"

"../DTL1000/1990/AQAE_UqSNFkSJQ4O_8i5FpqNXB9eTE9y.aiff","AQAE_UqSNFkSJQ4O_8i5FpqNXB9eTE9y"

"../DTL1000/1990/AQAMrJIiZmOK6NHQ9CCPHz6h48GD7dAD.aiff","AQAMrJIiZmOK6NHQ9CCPHz6h48GD7dAD"

"../DTL1000/1990/AQAJYEr0JErSRAl-fCmx78iVR9Cja4gT.aiff","AQAJYEr0JErSRAl-fCmx78iVR9Cja4gT"

"../DTL1000/1990/AQATMkuSTcmixMF6aD8u4cqO8ofTHOvw.aiff","AQATMkuSTcmixMF6aD8u4cqO8ofTHOvw"

"../DTL1000/1990/AQANS0lSSRGTUNB5NA-NozKPTh3847vw.aiff","AQANS0lSSRGTUNB5NA-NozKPTh3847vw"

"../DTL1000/1990/AQAJxVciJpkWXMzxiOh3hJlyTEwOKYmP.aiff","AQAJxVciJpkWXMzxiOh3hJlyTEwOKYmP"

"../DTL1000/1990/AQAVM9oiJYmiKCFy-MShC_lx_Kh6XHlw.aiff","AQAVM9oiJYmiKCFy-MShC_lx_Kh6XHlw"

"../DTL1000/1990/AQAP20mSRIuSRZpwHAdOHAeAH-6IW9hx.aiff","AQAP20mSRIuSRZpwHAdOHAeAH-6IW9hx"

"../DTL1000/1990/AQAVCmPCRuFw0cGvFPmIa-in1JAe5AZ7.aiff","AQAVCmPCRuFw0cGvFPmIa-in1JAe5AZ7"

"../DTL1000/1990/AQAKdUr0KJXQ3IHPHDuKrVuU42ET3Kk8.aiff","AQAKdUr0KJXQ3IHPHDuKrVuU42ET3Kk8"

"../DTL1000/1990/AQAOIV0VJZ7wFM1wZXmEO0XyIC-u40fD.aiff","AQAOIV0VJZ7wFM1wZXmEO0XyIC-u40fD"

"../DTL1000/1990/AQAMDls0ZkmiJBGuMHhO5BL0JAE-9IGW.aiff","AQAMDls0ZkmiJBGuMHhO5BL0JAE-9IGW"

"../DTL1000/1990/AQAM10nS6QUPPTn2B29xppBxonnQDscj.aiff","AQAM10nS6QUPPTn2B29xppBxonnQDscj"

"../DTL1000/1990/AQAQBlGjZMoiRD--6HjQJHnR1xqeoy9y.aiff","AQAQBlGjZMoiRD--6HjQJHnR1xqeoy9y"

"../DTL1000/1990/AQAOqMqULVGWZPiFvvBRzUccHV-Mow_8.aiff","AQAOqMqULVGWZPiFvvBRzUccHV-Mow_8"

"../DTL1000/1990/AQAQC1OkpIvyINlp5EuKJzp-EH8wJU-S.aiff","AQAQC1OkpIvyINlp5EuKJzp-EH8wJU-S"

"../DTL1000/1990/AQAK_AqThFGSLIqCRzr8HX9S46zAnISb.aiff","AQAK_AqThFGSLIqCRzr8HX9S46zAnISb"

"../DTL1000/1990/AQAHn2kiJckmJsIf6LLw4w9x5Q76LBPC.aiff","AQAHn2kiJckmJsIf6LLw4w9x5Q76LBPC"

"../DTL1000/1990/AQAJMkqShEkSRRKFSDkSzHnxO2g0PtiJ.aiff","AQAJMkqShEkSRRKFSDkSzHnxO2g0PtiJ"

"../DTL1000/1990/AQAI-c8USRTy6UdSyc7QNA4ujFdP9FIF.aiff","AQAI-c8USRTy6UdSyc7QNA4ujFdP9FIF"

"../DTL1000/1990/AQAD8MkSRVGyjQlwHMfxEMqPH1GM4_jx.aiff","AQAD8MkSRVGyjQlwHMfxEMqPH1GM4_jx"

"../DTL1000/1990/AQATNklyRlGWZPiNJ1ta_McTKfjEo7wI.aiff","AQATNklyRlGWZPiNJ1ta_McTKfjEo7wI"

"../DTL1000/1990/AQAESUqSaFkiKomQ80h-PB-uH913_PiP.aiff","AQAESUqSaFkiKomQ80h-PB-uH913_PiP"

"../DTL1000/1990/AQAId5cXJcM0bemCJs_xGBfyyPjQQ9l5.aiff","AQAId5cXJcM0bemCJs_xGBfyyPjQQ9l5"

"../DTL1000/1990/AQANfFLUJKGkRELFpEh-5HmGc8dhJ8Qz.aiff","AQANfFLUJKGkRELFpEh-5HmGc8dhJ8Qz"

"../DTL1000/1990/AQALO1qWJIqWJFGGlLugEhbCvsIVhCn6.aiff","AQALO1qWJIqWJFGGlLugEhbCvsIVhCn6"

"../DTL1000/1990/AQANA9OTJFSFF35sgT_Oo_GNe8eLbXki.aiff","AQANA9OTJFSFF35sgT_Oo_GNe8eLbXki"

"../DTL1000/1990/AQAKGlSehgnRiEkULig7PDtyJMeTNcGV.aiff","AQAKGlSehgnRiEkULig7PDtyJMeTNcGV"

"../DTL1000/1990/AQAH8Mqkhgm14P3xgNMOJ5VS5OGP69CP.aiff","AQAH8Mqkhgm14P3xgNMOJ5VS5OGP69CP"

"../DTL1000/1990/AQANjNKmjIkYnMdt_CkaTQ_Ciwh1B7Uy.aiff","AQANjNKmjIkYnMdt_CkaTQ_Ciwh1B7Uy"

"../DTL1000/1990/AQAQwlESZUkSJkngMLqCWj3Wq_gHZ1x2.aiff","AQAQwlESZUkSJkngMLqCWj3Wq_gHZ1x2"

"../DTL1000/1990/AQATFYqoREmYKBneHt_RyKMwusSP_IM-.aiff","AQATFYqoREmYKBneHt_RyKMwusSP_IM-"

"../DTL1000/1990/AQAVUEmWJEkkJQmVBKkjGe8Rpls0yI0e.aiff","AQAVUEmWJEkkJQmVBKkjGe8Rpls0yI0e"

"../DTL1000/1990/AQAFP0uSRFKkKYpALYolBTVyHzqeGyKH.aiff","AQAFP0uSRFKkKYpALYolBTVyHzqeGyKH"

"../DTL1000/1990/AQAIxpKSZUyTJAkchzt-5FEkSsZNlGiq.aiff","AQAIxpKSZUyTJAkchzt-5FEkSsZNlGiq"

"../DTL1000/1990/AQAMOEmSSAonbRCOMD-e6Dh13B5CmfBC.aiff","AQAMOEmSSAonbRCOMD-e6Dh13B5CmfBC"

"../DTL1000/1990/AQANLlKWJEkYcXj6AjDa7cOPYF2CGgRw.aiff","AQANLlKWJEkYcXj6AjDa7cOPYF2CGgRw"

"../DTL1000/1990/AQALRkqexJlE5NCPpsoB5jRUWcFjTLvh.aiff","AQALRkqexJlE5NCPpsoB5jRUWcFjTLvh"

"../DTL1000/1990/AQAKP1KSck-C9ImCfjl-9Icj7biOnBc-.aiff","AQAKP1KSck-C9ImCfjl-9Icj7biOnBc-"

"../DTL1000/1990/AQAOL43KJEqEH73xWMYTa7gtYT9K5UgX.aiff","AQAOL43KJEqEH73xWMYTa7gtYT9K5UgX"

"../DTL1000/1990/AQAoZqK0iKyCPj_84A9-4iNeNMWYSlnw.aiff","AQAoZqK0iKyCPj_84A9-4iNeNMWYSlnw"

"../DTL1000/1990/AQAGXEuqLFEShcGH5AhzPA8-ybh_PGIR.aiff","AQAGXEuqLFEShcGH5AhzPA8-ybh_PGIR"

"../DTL1000/2000/AQAPyFuiKNkVxDKRPMeLq8kS9MIlH42-.aiff","AQAPyFuiKNkVxDKRPMeLq8kS9MIlH42-"

"../DTL1000/2000/AQAJZkmSZVGi5mjwH-8D58KPH9UPRZGU.aiff","AQAJZkmSZVGi5mjwH-8D58KPH9UPRZGU"

"../DTL1000/2000/AQAQeVO2LIriAP0knMd5VMdzB7uRPDnC.aiff","AQAQeVO2LIriAP0knMd5VMdzB7uRPDnC"

"../DTL1000/2000/AQAL_UwoKUuiZOgPH7mcHsma6IGTlkFl.aiff","AQAL_UwoKUuiZOgPH7mcHsma6IGTlkFl"

"../DTL1000/2000/AQAIklGSSVHSZEmQ_jCP8gR32kIjc0Wo.aiff","AQAIklGSSVHSZEmQ_jCP8gR32kIjc0Wo"

"../DTL1000/2000/AQAHEZrMJUazJ0gezsiXHOfhE_uV4M2H.aiff","AQAHEZrMJUazJ0gezsiXHOfhE_uV4M2H"

"../DTL1000/2000/AQAGolGSKIrUJJECN-Lx48fj4Ac2PaiV.aiff","AQAGolGSKIrUJJECN-Lx48fj4Ac2PaiV"

"../DTL1000/2000/AQAHhVrSJRopbE-Poy9C78MjHReRFz74.aiff","AQAHhVrSJRopbE-Poy9C78MjHReRFz74"

"../DTL1000/2000/AQAJsouSZEsSMYSjDvmxSxEqL9CiI5ZW.aiff","AQAJsouSZEsSMYSjDvmxSxEqL9CiI5ZW"

"../DTL1000/2000/AQAJOlEi5VISJQua57gi4sePPcmD72jy.aiff","AQAJOlEi5VISJQua57gi4sePPcmD72jy"

"../DTL1000/2000/AQAKorqcJJIGX8eX57iMOjym9PiDRg-q.aiff","AQAKorqcJJIGX8eX57iMOjym9PiDRg-q"

"../DTL1000/2000/AQAPjIk2ZZLCQDe-PHCjGroePOKJ3MTx.aiff","AQAPjIk2ZZLCQDe-PHCjGroePOKJ3MTx"

"../DTL1000/2000/AQANG0qmRZqiEbmE5sSFRlMIHX2INIZ5.aiff","AQANG0qmRZqiEbmE5sSFRlMIHX2INIZ5"

"../DTL1000/2000/AQAHYEoSJUmiJUpxw6iEbkcufIR2Vsh9.aiff","AQAHYEoSJUmiJUpxw6iEbkcufIR2Vsh9"

"../DTL1000/2000/AQAQsEkSLkqyVKgoHpePD211WCYOHnbg.aiff","AQAQsEkSLkqyVKgoHpePD211WCYOHnbg"

"../DTL1000/2000/AQAHC8uSilGUJMLzHP0FJtfxDPmaEGoj.aiff","AQAHC8uSilGUJMLzHP0FJtfxDPmaEGoj"

"../DTL1000/2000/AQAM5lESZYmiiBk-6A--5mj0IN4PV22I.aiff","AQAM5lESZYmiiBk-6A--5mj0IN4PV22I"

"../DTL1000/2000/AQARNUn2cQR_6Ji8JKiYMA_y40P-oYHm.aiff","AQARNUn2cQR_6Ji8JKiYMA_y40P-oYHm"

"../DTL1000/2000/AQAG0yGjZEkkpB_-4Ed-qPGD_PhxHD6O.aiff","AQAG0yGjZEkkpB_-4Ed-qPGD_PhxHD6O"

"../DTL1000/2000/AQAKsok2JYsSLcPT4EevQ1SyFbEwPXga.aiff","AQAKsok2JYsSLcPT4EevQ1SyFbEwPXga"

"../DTL1000/2000/AQAN-7pSKxmeDHGyI2H-431weE7EoD-q.aiff","AQAN-7pSKxmeDHGyI2H-431weE7EoD-q"

"../DTL1000/2000/AQAO6ImSSkk-oT9iZ8aPHv_h6jh-I__x.aiff","AQAO6ImSSkk-oT9iZ8aPHv_h6jh-I__x"

"../DTL1000/2000/AQAMf1FyJpYE7bhmPA8upMvw6HhxZeAb.aiff","AQAMf1FyJpYE7bhmPA8upMvw6HhxZeAb"

"../DTL1000/2000/AQAMYVG2REmmKMrwNB1-NBR6GkIfHelS.aiff","AQAMYVG2REmmKMrwNB1-NBR6GkIfHelS"

"../DTL1000/2000/AQAGf1EShVGkZEN__BMYRcsLl8cH8XBv.aiff","AQAGf1EShVGkZEN__BMYRcsLl8cH8XBv"

"../DTL1000/2000/AQAIvEmSJEmkREmiJBm0UMXz4Tq68tBE.aiff","AQAIvEmSJEmkREmiJBm0UMXz4Tq68tBE"

"../DTL1000/2000/AQAIwZIUUlGcoDwe4TycoOdxE_8wJ9KK.aiff","AQAIwZIUUlGcoDwe4TycoOdxE_8wJ9KK"

"../DTL1000/2000/AQAGyppME12Z4seJh0cvIj-DUyJOc8G6.aiff","AQAGyppME12Z4seJh0cvIj-DUyJOc8G6"

"../DTL1000/2000/AQANjksiqVmUJnCPvjeeREh6xBnhXfhi.aiff","AQANjksiqVmUJnCPvjeeREh6xBnhXfhi"

"../DTL1000/2000/AQAJTImmUaKSBN-JvA2aH-GKY_zRPDF-.aiff","AQAJTImmUaKSBN-JvA2aH-GKY_zRPDF-"

"../DTL1000/2000/AQAJOk20RFGSHGV9_OgOTxGJ5yxC_ccZ.aiff","AQAJOk20RFGSHGV9_OgOTxGJ5yxC_ccZ"

"../DTL1000/2000/AQAJolkVRgyhnUj9VPhnuGJs9Af6Yzx8.aiff","AQAJolkVRgyhnUj9VPhnuGJs9Af6Yzx8"

"../DTL1000/2000/AQALzVGlZJOmIEfPwkfNGPmtQN81tFE-.aiff","AQALzVGlZJOmIEfPwkfNGPmtQN81tFE-"

"../DTL1000/2000/AQAGSFuidEnKwN7wuHgkBd-MZHmWGTkP.aiff","AQAGSFuidEnKwN7wuHgkBd-MZHmWGTkP"

"../DTL1000/2000/AQAO_mIURaGSbPgetNuRLE6LPNVR62g-.aiff","AQAO_mIURaGSbPgetNuRLE6LPNVR62g-"

"../DTL1000/2000/AQAIM3RCJjns4-g_-LmMJp-D5zuSL0de.aiff","AQAIM3RCJjns4-g_-LmMJp-D5zuSL0de"

"../DTL1000/2000/AQAGI9HGJY3CgMdzTEqh6fjj4LnwPUMT.aiff","AQAGI9HGJY3CgMdzTEqh6fjj4LnwPUMT"

"../DTL1000/2000/AQAOAkm2sFGcBNnxD0fDCrWmHpey46eE.aiff","AQAOAkm2sFGcBNnxD0fDCrWmHpey46eE"

"../DTL1000/2000/AQARDaIiRRIf3PhRP_CD6sdLfHtwRTXq.aiff","AQARDaIiRRIf3PhRP_CD6sdLfHtwRTXq"

"../DTL1000/2000/AQAOphmViFEUoyeaMc_wHeVONJVwHhpx.aiff","AQAOphmViFEUoyeaMc_wHeVONJVwHhpx"

"../DTL1000/2000/AQAKDiGTJEpDuEZfiCSP6MuCX2jWJcWN.aiff","AQAKDiGTJEpDuEZfiCSP6MuCX2jWJcWN"

"../DTL1000/2000/AQAOj9kUJcqYJQl-XCkReodjVshTVGeg.aiff","AQAOj9kUJcqYJQl-XCkReodjVshTVGeg"

"../DTL1000/2000/AQAOSIuWZJqUEb-RQ36Q4ziKB5beITwu.aiff","AQAOSIuWZJqUEb-RQ36Q4ziKB5beITwu"

"../DTL1000/2000/AQANJRkbJlTwhOheQbxSDf2EP8eTrQqa.aiff","AQANJRkbJlTwhOheQbxSDf2EP8eTrQqa"

"../DTL1000/2000/AQAIu0q0UNOSIvmHWLiMrklITMmPo0l0.aiff","AQAIu0q0UNOSIvmHWLiMrklITMmPo0l0"

"../DTL1000/2000/AQAHXUqSJFGiKEuiKGgm5_ii4sh-JFyu.aiff","AQAHXUqSJFGiKEuiKGgm5_ii4sh-JFyu"

"../DTL1000/2000/AQAJjUryVMmiJMF8IkydCk8OvaiewUo_.aiff","AQAJjUryVMmiJMF8IkydCk8OvaiewUo_"

"../DTL1000/2000/AQAKeZGihlKyEM2xE82UBpEa6cGjI40T.aiff","AQAKeZGihlKyEM2xE82UBpEa6cGjI40T"

"../DTL1000/2000/AQAKRUoWJXGYJEKO3I_Q_KiUJik4bdMC.aiff","AQAKRUoWJXGYJEKO3I_Q_KiUJik4bdMC"

"../DTL1000/2000/AQAJRvSWZMmSJOijGM114gwuFnOSbbh5.aiff","AQAJRvSWZMmSJOijGM114gwuFnOSbbh5"

"../DTL1000/2000/AQAF0IuYSIvWBNHxh3iLh0qOZsqEihfe.aiff","AQAF0IuYSIvWBNHxh3iLh0qOZsqEihfe"

"../DTL1000/2000/AQAHSIuyRUySKMSuF1c--MfZ483QH49Q.aiff","AQAHSIuyRUySKMSuF1c--MfZ483QH49Q"

"../DTL1000/2000/AQAI_UrSpVEWos8BL2yHXzg_NM9yTHoe.aiff","AQAI_UrSpVEWos8BL2yHXzg_NM9yTHoe"

"../DTL1000/2000/AQAHEFLSRJnCJMNhHz2Dr8Ev4j3CROSR.aiff","AQAHEFLSRJnCJMNhHz2Dr8Ev4j3CROSR"

"../DTL1000/2000/AQAN_WqmRJO4IIyizaiWPdB5NM_RFzmP.aiff","AQAN_WqmRJO4IIyizaiWPdB5NM_RFzmP"

"../DTL1000/2000/AQAK10vSkFGYoeLRPQ-adVzAJseri0hL.aiff","AQAK10vSkFGYoeLRPQ-adVzAJseri0hL"

"../DTL1000/2000/AQAMbpWWJFpSOGbw5MbxRnCx78R7oZlG.aiff","AQAMbpWWJFpSOGbw5MbxRnCx78R7oZlG"

"../DTL1000/2000/AQAItYmkZGMipfiT4Dya6whFh8OzZMeR.aiff","AQAItYmkZGMipfiT4Dya6whFh8OzZMeR"

"../DTL1000/2000/AQAL10l2MckahHkC6jt65uCTGJMkU7CS.aiff","AQAL10l2MckahHkC6jt65uCTGJMkU7CS"

"../DTL1000/2000/AQAG7UuWxZngHw_yLIOe54h54jpRGXWO.aiff","AQAG7UuWxZngHw_yLIOe54h54jpRGXWO"

"../DTL1000/2000/AQAJkEwSLkyiJUjPoguzXFAXIVeKXrvg.aiff","AQAJkEwSLkyiJUjPoguzXFAXIVeKXrvg"

"../DTL1000/2000/AQAGlGIijcmOd8c_lKKHhkuN44fVTLil.aiff","AQAGlGIijcmOd8c_lKKHhkuN44fVTLil"

"../DTL1000/2000/AQAd_JnUZkyE48dlUcHTQMvRE39w5jiP.aiff","AQAd_JnUZkyE48dlUcHTQMvRE39w5jiP"

"../DTL1000/2000/AQAJQFOiJYqiSMWFA7iBozsO5HnRHxCO.aiff","AQAJQFOiJYqiSMWFA7iBozsO5HnRHxCO"

"../DTL1000/2000/AQAKRFEkJckoaQmuBWW2VIOPo_LxbPgh.aiff","AQAKRFEkJckoaQmuBWW2VIOPo_LxbPgh"

"../DTL1000/2000/AQANXlIULok0FaESJkJy_MflNOhDS3BH.aiff","AQANXlIULok0FaESJkJy_MflNOhDS3BH"

"../DTL1000/2000/AQAIRtGURYnCHPjR46fwYwR0-Bl--MMZ.aiff","AQAIRtGURYnCHPjR46fwYwR0-Bl--MMZ"

"../DTL1000/2000/AQALdEqlhEqkJHiOfCSeCxc05kQsHdbB.aiff","AQALdEqlhEqkJHiOfCSeCxc05kQsHdbB"

"../DTL1000/2000/AQAPlJSUJVGUHBG7yDmkH3mO88Kx7-iW.aiff","AQAPlJSUJVGUHBG7yDmkH3mO88Kx7-iW"

"../DTL1000/2000/AQAEQkoSMZSSSAoO9zgqMzj-DE93JMsy.aiff","AQAEQkoSMZSSSAoO9zgqMzj-DE93JMsy"

"../DTL1000/2000/AQARHMslJUmo4PmDP4X_4wyyJs6Eh3xw.aiff","AQARHMslJUmo4PmDP4X_4wyyJs6Eh3xw"

"../DTL1000/2000/AQAIoU6WNcoSBWHuoHYy6Frw7MipB6eY.aiff","AQAIoU6WNcoSBWHuoHYy6Frw7MipB6eY"

"../DTL1000/2000/AQAJ0lIecTo-Y9uyo9bRMniQ34bYI_tV.aiff","AQAJ0lIecTo-Y9uyo9bRMniQ34bYI_tV"

"../DTL1000/2000/AQAHOcrSREniJTh--EF-4wqFP4cv5Bzx.aiff","AQAHOcrSREniJTh--EF-4wqFP4cv5Bzx"

"../DTL1000/2000/AQAM_VHDaZMURDqDpiauB6N0NElQi0ee.aiff","AQAM_VHDaZMURDqDpiauB6N0NElQi0ee"

"../DTL1000/2000/AQAHJEmiaGGShAtyhL9gNk-C48YP50P9.aiff","AQAHJEmiaGGShAtyhL9gNk-C48YP50P9"

"../DTL1000/2000/AQASK4kSL2oyofmH07iP8_gV9IcfohaP.aiff","AQASK4kSL2oyofmH07iP8_gV9IcfohaP"

"../DTL1000/2000/AQASMkxCRUwaCRMlC1eOxweYB32O5KSE.aiff","AQASMkxCRUwaCRMlC1eOxweYB32O5KSE"

"../DTL1000/2000/AQAKjpSiOXkCb2Ga4lmQ8-gHPRlK5EmO.aiff","AQAKjpSiOXkCb2Ga4lmQ8-gHPRlK5EmO"

"../DTL1000/2000/AQALL0micYmypEESMwvxXxHOD_exH83y.aiff","AQALL0micYmypEESMwvxXxHOD_exH83y"

"../DTL1000/2000/AQAElU2UJFGoZPgu-Mh7JD6O4zquHA3X.aiff","AQAElU2UJFGoZPgu-Mh7JD6O4zquHA3X"

"../DTL1000/2000/AQAL4YuSJxml4MyxqyE69nD5IeWRvMMU.aiff","AQAL4YuSJxml4MyxqyE69nD5IeWRvMMU"

"../DTL1000/2000/AQAHxkrUJhKLJdmKMnnw4xO-IznCHD09.aiff","AQAHxkrUJhKLJdmKMnnw4xO-IznCHD09"

"../DTL1000/2000/AQAI5Eo0hpKiELnE4IPYHD9CcolxpBfq.aiff","AQAI5Eo0hpKiELnE4IPYHD9CcolxpBfq"

"../DTL1000/2000/AQANH7SShJGDOwiVC_qRLgsn4RJ2w8aZ.aiff","AQANH7SShJGDOwiVC_qRLgsn4RJ2w8aZ"

"../DTL1000/2000/AQAGVe-yBOGjJIQ40gjN4yKazehnvOib.aiff","AQAGVe-yBOGjJIQ40gjN4yKazehnvOib"

"../DTL1000/2000/AQAP7pEWKVKSjEH1z_g2MHNk_MZzvKEw.aiff","AQAP7pEWKVKSjEH1z_g2MHNk_MZzvKEw"

"../DTL1000/2000/AQAGNIyj6FmSoNyMH3-C6fnRLEPWQ6Xy.aiff","AQAGNIyj6FmSoNyMH3-C6fnRLEPWQ6Xy"

"../DTL1000/2000/AQAIZkrIhGEc3IjJHHKiFLH0oId_4aip.aiff","AQAIZkrIhGEc3IjJHHKiFLH0oId_4aip"

"../DTL1000/2000/AQAMwFESSYmiKIsU6EbbJI6RTcfTo18c.aiff","AQAMwFESSYmiKIsU6EbbJI6RTcfTo18c"

"../DTL1000/2000/AQAMEFmypImaRdA-5B_eiUGV8UPsQfuR.aiff","AQAMEFmypImaRdA-5B_eiUGV8UPsQfuR"

"../DTL1000/2000/AQAJrJI2iZIWvEdfND-eJERyOQgTP6iS.aiff","AQAJrJI2iZIWvEdfND-eJERyOQgTP6iS"

"../DTL1000/2000/AQAKNYuShMkjITuuBop8IRxz1EWTjQFy.aiff","AQAKNYuShMkjITuuBop8IRxz1EWTjQFy"

"../DTL1000/2000/AQAJhZokJYmiJDGOBz_y4zwO7QceHJo_.aiff","AQAJhZokJYmiJDGOBz_y4zwO7QceHJo_"

"../DTL1000/2000/AQAKFZIaM0mD9MR76FmOv3gu_MKVo8tz.aiff","AQAKFZIaM0mD9MR76FmOv3gu_MKVo8tz"

"../DTL1000/2000/AQAIeEuWKNSSaPhjvDiOXCIqHY-eQjvS.aiff","AQAIeEuWKNSSaPhjvDiOXCIqHY-eQjvS"

"../DTL1000/2000/AQAPBtESZUmkMEoCPch4_MfJ4XXRLKiO.aiff","AQAPBtESZUmkMEoCPch4_MfJ4XXRLKiO"

"../DTL1000/2000/AQAGNIoSLVGUqThw_ECg40XICxdmNA9y.aiff","AQAGNIoSLVGUqThw_ECg40XICxdmNA9y"

"../DTL1000/2000/AQALMEkUJ1FX9LjA5pnwqBGmyEuL2hh_.aiff","AQALMEkUJ1FX9LjA5pnwqBGmyEuL2hh_"

"../DTL1000/2000/AQAOo1GUpFqiaMETHscPncrxpBme46gQ.aiff","AQAOo1GUpFqiaMETHscPncrxpBme46gQ"

"../DTL1000/2000/AQAJIknHOVSC41tdNEcl5fjxskejHn2H.aiff","AQAJIknHOVSC41tdNEcl5fjxskejHn2H"

"../DTL1000/2000/AQAFEoqSMMul4PhQh8mJPwaNLkwZMPGj.aiff","AQAFEoqSMMul4PhQh8mJPwaNLkwZMPGj"

"../DTL1000/2000/AQANBcqSLE28BH-CX2h-SuiJJzyaCz1u.aiff","AQANBcqSLE28BH-CX2h-SuiJJzyaCz1u"

"../DTL1000/2000/AQAMHdEWLY2YCOoeIdzxvvjxwZdynCye.aiff","AQAMHdEWLY2YCOoeIdzxvvjxwZdynCye"

"../DTL1000/2000/AQAFN8rSSBMzoSfE4yx-9MbxxxAf3McD.aiff","AQAFN8rSSBMzoSfE4yx-9MbxxxAf3McD"

"../DTL1000/2000/AQAH5FEkpaGTJLik487xBHqiC-EP_vCl.aiff","AQAH5FEkpaGTJLik487xBHqiC-EP_vCl"

"../DTL1000/2000/AQAKC6mYcJmyIOFxScfDH49O1MqC5hL-.aiff","AQAKC6mYcJmyIOFxScfDH49O1MqC5hL-"

"../DTL1000/2000/AQAKERoVJqOIOH8gRityXXgz6jDJ0PAk.aiff","AQAKERoVJqOIOH8gRityXXgz6jDJ0PAk"

"../DTL1000/2000/AQAJE1qiRUkzWD7yQ94bpDl-_BH69Tjw.aiff","AQAJE1qiRUkzWD7yQ94bpDl-_BH69Tjw"

"../DTL1000/2000/AQAJB0oWJUk4KVJwSseWVzhz49mJS0hO.aiff","AQAJB0oWJUk4KVJwSseWVzhz49mJS0hO"

"../DTL1000/1970/AQAQ1aJSJdKUBd9RKtOHE_WUB19W9CGF.aiff","AQAQ1aJSJdKUBd9RKtOHE_WUB19W9CGF"

"../DTL1000/1970/AQAG7FKWRaGiJBJyJOuCo0HV5MKjHb2O.aiff","AQAG7FKWRaGiJBJyJOuCo0HV5MKjHb2O"

"../DTL1000/1970/AQAYiYvCkKTwg2-PPjSOyVSCNzgfIR60.aiff","AQAYiYvCkKTwg2-PPjSOyVSCNzgfIR60"

"../DTL1000/1970/AQAT2BOTJFmSREki_Cx-I_UEncfHI9VE.aiff","AQAT2BOTJFmSREki_Cx-I_UEncfHI9VE"

"../DTL1000/1970/AQANBokSLZGSmNgp4UHZ4znxPAh_NDmJ.aiff","AQANBokSLZGSmNgp4UHZ4znxPAh_NDmJ"

"../DTL1000/1970/AQANDMmjaIomIbmU6mj-YA8rPBlcKTUe.aiff","AQANDMmjaIomIbmU6mj-YA8rPBlcKTUe"

"../DTL1000/1970/AQANIErITZIYnFGCD9yPD033oFRyBHqO.aiff","AQANIErITZIYnFGCD9yPD033oFRyBHqO"

"../DTL1000/1970/AQAF6pkSUZISadAzMoiSOD32AXiPRzi6.aiff","AQAF6pkSUZISadAzMoiSOD32AXiPRzi6"

"../DTL1000/1970/AQAP8EqkhZeSCL-F6kEjKSSeCNyTQIvR.aiff","AQAP8EqkhZeSCL-F6kEjKSSeCNyTQIvR"

"../DTL1000/1970/AQAJyFMSS0qYREFpHPlV6NuRS8nRyEd1.aiff","AQAJyFMSS0qYREFpHPlV6NuRS8nRyEd1"

"../DTL1000/1970/AQAH50qU5IuSDv2DSyFqDs-P_kOz46bA.aiff","AQAH50qU5IuSDv2DSyFqDs-P_kOz46bA"

"../DTL1000/1970/AQAPf1MSVk-CJlQWfDlRpkWY7yn4ZAlx.aiff","AQAPf1MSVk-CJlQWfDlRpkWY7yn4ZAlx"

"../DTL1000/1970/AQAJA8kSLQqVNILIOFuCclKs4hI0aOG0.aiff","AQAJA8kSLQqVNILIOFuCclKs4hI0aOG0"

"../DTL1000/1970/AQAI50qUKMwSySi3Y_dhZgjkfgiFMrFH.aiff","AQAI50qUKMwSySi3Y_dhZgjkfgiFMrFH"

"../DTL1000/1970/AQAOMIwkhsoSJIt-5DjRG-6WGA_54zlc.aiff","AQAOMIwkhsoSJIt-5DjRG-6WGA_54zlc"

"../DTL1000/1970/AQAFBkmiiFnCSThpdPDRP9h34spx9ILh.aiff","AQAFBkmiiFnCSThpdPDRP9h34spx9ILh"

"../DTL1000/1970/AQAbtosXZaYw5UOf43rwZ8GTaBRRHzc7.aiff","AQAbtosXZaYw5UOf43rwZ8GTaBRRHzc7"

"../DTL1000/1970/AQAMQdoYJZGoKKiZkEeuE5dFQ0_gHWmq.aiff","AQAMQdoYJZGoKKiZkEeuE5dFQ0_gHWmq"

"../DTL1000/1970/AQAMgFoUJkkToUrJ4VKG_Eh2_CiPqVmT.aiff","AQAMgFoUJkkToUrJ4VKG_Eh2_CiPqVmT"

"../DTL1000/1970/AQAIgtEaJdmKdBKD42JiHOciIkzzIDnY.aiff","AQAIgtEaJdmKdBKD42JiHOciIkzzIDnY"

"../DTL1000/1970/AQAJh8oSKdGiTkCvw_ghHz3a47hnHL6g.aiff","AQAJh8oSKdGiTkCvw_ghHz3a47hnHL6g"

"../DTL1000/1970/AQAIeUkSJWaSJIkU-EfXOjhuvOhzNH3x.aiff","AQAIeUkSJWaSJIkU-EfXOjhuvOhzNH3x"

"../DTL1000/1970/AQALE3vCTRbuwW_xHfmR4AMjw2txhIde.aiff","AQALE3vCTRbuwW_xHfmR4AMjw2txhIde"

"../DTL1000/1970/AQAS1iKVKH2wPQp-lD8aJtFwKR_4iHiu.aiff","AQAS1iKVKH2wPQp-lD8aJtFwKR_4iHiu"

"../DTL1000/1970/AQAIC8qSSVKmKENBJamIvjOSdxQeN8g9.aiff","AQAIC8qSSVKmKENBJamIvjOSdxQeN8g9"

"../DTL1000/1970/AQARmUryaFGiJIKTH0mp9Mgz44GfFYzf.aiff","AQARmUryaFGiJIKTH0mp9Mgz44GfFYzf"

"../DTL1000/1970/AQAN-RKZbNGY4MeP_yhcKti-I4saQRfW.aiff","AQAN-RKZbNGY4MeP_yhcKti-I4saQRfW"

"../DTL1000/1970/AQAYN1I8Jco0BXmPZH5wbkZXwumUo1ce.aiff","AQAYN1I8Jco0BXmPZH5wbkZXwumUo1ce"

"../DTL1000/1970/AQAHiImULImyJIqEH8054TjxwR-Ky8Af.aiff","AQAHiImULImyJIqEH8054TjxwR-Ky8Af"

"../DTL1000/1970/AQAR9okiSUmSJFIiBeKDH1fgB1B_pHzQ.aiff","AQAR9okiSUmSJFIiBeKDH1fgB1B_pHzQ"

"../DTL1000/1970/AQAZdBGlSOYSnNCJZoX2HR-T5NAWH9fR.aiff","AQAZdBGlSOYSnNCJZoX2HR-T5NAWH9fR"

"../DTL1000/1970/AQALDUmUJFK6JJES6EX23vAkHceLC4-b.aiff","AQALDUmUJFK6JJES6EX23vAkHceLC4-b"

"../DTL1000/1970/AQAOktSyiGmiBHmmI3nQ56gd9MrR4M2P.aiff","AQAOktSyiGmiBHmmI3nQ56gd9MrR4M2P"

"../DTL1000/1970/AQAPeVEuTS30Bt-hWdzQPMGNhoyDWh8q.aiff","AQAPeVEuTS30Bt-hWdzQPMGNhoyDWh8q"

"../DTL1000/1970/AQATmImUZMySlOjR4Eqy4JN0NCOPlsdJ.aiff","AQATmImUZMySlOjR4Eqy4JN0NCOPlsdJ"

"../DTL1000/1970/AQALPkqULUqkRBPGeA7c5MF5PEGtIgyl.aiff","AQALPkqULUqkRBPGeA7c5MF5PEGtIgyl"

"../DTL1000/1970/AQAIYpuihEuSJsGPxkItDu3Ba5PgKwlC.aiff","AQAIYpuihEuSJsGPxkItDu3Ba5PgKwlC"

"../DTL1000/1970/AQAV41KiJVEURfjx4xr8o9LxCO6DfQ2H.aiff","AQAV41KiJVEURfjx4xr8o9LxCO6DfQ2H"

"../DTL1000/1970/AQANbovEJEkkExOSTGWOHM0v44lfNFtT.aiff","AQANbovEJEkkExOSTGWOHM0v44lfNFtT"

"../DTL1000/1970/AQAMwUn2aVmSBNKpHBGZH54oHk-cPMOP.aiff","AQAMwUn2aVmSBNKpHBGZH54oHk-cPMOP"

"../DTL1000/1970/AQAITEpyTskSIcn2I1-uDp5y1Doek0mE.aiff","AQAITEpyTskSIcn2I1-uDp5y1Doek0mE"

"../DTL1000/1970/AQATeuISJZEXvLiYHKWewselaOijIfGR.aiff","AQATeuISJZEXvLiYHKWewselaOijIfGR"

"../DTL1000/1970/AQAVM1kSZVnEJYMo88iPw9dR0sST6EfN.aiff","AQAVM1kSZVnEJYMo88iPw9dR0sST6EfN"

"../DTL1000/1970/AQAgQtGoRFqmKDju44aWo5-HHL5ynATL.aiff","AQAgQtGoRFqmKDju44aWo5-HHL5ynATL"

"../DTL1000/1970/AQAGLQmjKM6iBvmBE0cIP8GPMDrO43hz.aiff","AQAGLQmjKM6iBvmBE0cIP8GPMDrO43hz"

"../DTL1000/1970/AQAMg0muUEow2fAXFDUeFk3oxLin4C2u.aiff","AQAMg0muUEow2fAXFDUeFk3oxLin4C2u"

"../DTL1000/1970/AQAGfkwSMYqkBc6F67iiwAgL9chDksEv.aiff","AQAGfkwSMYqkBc6F67iiwAgL9chDksEv"

"../DTL1000/1970/AQAM2ImlZtEUvDym5BFCJU5VfA_4NRja.aiff","AQAM2ImlZtEUvDym5BFCJU5VfA_4NRja"

"../DTL1000/1970/AQANT5q0KEoaBv3xJTx29CmaI0EeNKfB.aiff","AQANT5q0KEoaBv3xJTx29CmaI0EeNKfB"

"../DTL1000/1970/AQAPvYmSSJKUSAmDP_Bx34Cf43zw4Y9x.aiff","AQAPvYmSSJKUSAmDP_Bx34Cf43zw4Y9x"

"../DTL1000/1970/AQAJJ0miJIpCcUmCvOiFXAr65EetQkx8.aiff","AQAJJ0miJIpCcUmCvOiFXAr65EetQkx8"

"../DTL1000/1970/AQAH2Y6Wy7gJ7PiKXMUf_NCuw9LOISes.aiff","AQAH2Y6Wy7gJ7PiKXMUf_NCuw9LOISes"

"../DTL1000/1970/AQADVYmSLUqUOfDRP_h24sENPzj0Hbp4.aiff","AQADVYmSLUqUOfDRP_h24sENPzj0Hbp4"

"../DTL1000/1970/AQAHH9EohcnGoPzRhHzwJFmO82j0HCX0.aiff","AQAHH9EohcnGoPzRhHzwJFmO82j0HCX0"

"../DTL1000/1970/AQAJ6ZKyb01QkTuaKUpG4Z-Q_EIenHhi.aiff","AQAJ6ZKyb01QkTuaKUpG4Z-Q_EIenHhi"

"../DTL1000/1970/AQAM_YkWJVSsJEGuGO_hOSxuCl-OP8Ec.aiff","AQAM_YkWJVSsJEGuGO_hOSxuCl-OP8Ec"

"../DTL1000/1970/AQALTImUKEkayXiEa_icoFciws6EXZnx.aiff","AQALTImUKEkayXiEa_icoFciws6EXZnx"

"../DTL1000/1970/AQATmbGiLMkSUbjI4wd8Hlei4NCPfcdP.aiff","AQATmbGiLMkSUbjI4wd8Hlei4NCPfcdP"

"../DTL1000/1970/AQAKWksSRWGSJBFhpZxw_AgfIjl-NMsL.aiff","AQAKWksSRWGSJBFhpZxw_AgfIjl-NMsL"

"../DTL1000/1970/AQAMBUr0S5kScD7OHLdR5zGmxMGx63iE.aiff","AQAMBUr0S5kScD7OHLdR5zGmxMGx63iE"

"../DTL1000/1970/AQAPY0ySLBGnRUj3aEjs_ehx4j-eLEFN.aiff","AQAPY0ySLBGnRUj3aEjs_ehx4j-eLEFN"

"../DTL1000/1970/AQAMQlZOJXjQ5TqSXOEROsEP5mhOIfyD.aiff","AQAMQlZOJXjQ5TqSXOEROsEP5mhOIfyD"

"../DTL1000/1970/AQAbfMuVLEmWJXgWlZlQMsd1PIpmXKZw.aiff","AQAbfMuVLEmWJXgWlZlQMsd1PIpmXKZw"

"../DTL1000/1970/AQAGEcqcZBKzBA9DCdWfIFGiMkWsCmwS.aiff","AQAGEcqcZBKzBA9DCdWfIFGiMkWsCmwS"

"../DTL1000/1970/AQAFzkmSJI2ibBGaxAv6Iz2DXniioF-O.aiff","AQAFzkmSJI2ibBGaxAv6Iz2DXniioF-O"

"../DTL1000/1970/AQAJV_pUJpEC3EF4GknREv-LL0Uz6eiP.aiff","AQAJV_pUJpEC3EF4GknREv-LL0Uz6eiP"

"../DTL1000/1970/AQATdUpCRgmf4CSmTKKQ59B-PFFyhLyx.aiff","AQATdUpCRgmf4CSmTKKQ59B-PFFyhLyx"

"../DTL1000/1970/AQAEhkmSR0moJEh25sEJXkTVTQETTYqE.aiff","AQAEhkmSR0moJEh25sEJXkTVTQETTYqE"

"../DTL1000/1970/AQAKMVIyJZKSJEPOEQm7GT-qI9KX4Dx0.aiff","AQAKMVIyJZKSJEPOEQm7GT-qI9KX4Dx0"

"../DTL1000/1970/AQAGKAmjKBGXZIIefuiRng16WWgeoeex.aiff","AQAGKAmjKBGXZIIefuiRng16WWgeoeex"

"../DTL1000/1970/AQAPsGGkLNKURIL4I-cIH_3xN5h6WC1i.aiff","AQAPsGGkLNKURIL4I-cIH_3xN5h6WC1i"

"../DTL1000/1970/AQANlImSJFGSRFHwHM0TyHjwHH0NSzm-.aiff","AQANlImSJFGSRFHwHM0TyHjwHH0NSzm-"

"../DTL1000/1970/AQAGgEnSpYkyHH9x_Diq3Ph6mMNx4TBZ.aiff","AQAGgEnSpYkyHH9x_Diq3Ph6mMNx4TBZ"

"../DTL1000/1970/AQAcmUqUMGlEJcITY_dxKcZ1IX2E5A-u.aiff","AQAcmUqUMGlEJcITY_dxKcZ1IX2E5A-u"

"../DTL1000/1970/AQAVm0q0KIk0xUFLG_3BHy_yE81P_BB8.aiff","AQAVm0q0KIk0xUFLG_3BHy_yE81P_BB8"

"../DTL1000/1970/AQAWqomWKJmUZFqgE3nRnOhD1FuOHKWP.aiff","AQAWqomWKJmUZFqgE3nRnOhD1FuOHKWP"

"../DTL1000/1970/AQASV4kSJUmiaKGCS8TVo9GV4zoehLfx.aiff","AQASV4kSJUmiaKGCS8TVo9GV4zoehLfx"

"../DTL1000/1970/AQAFP0nGZIuSKig3CSmfgjp6C19WCe8s.aiff","AQAFP0nGZIuSKig3CSmfgjp6C19WCe8s"

"../DTL1000/1970/AQAJekq0RGHWCY9y_FtwPD2mH2kyH5oY.aiff","AQAJekq0RGHWCY9y_FtwPD2mH2kyH5oY"

"../DTL1000/1970/AQAGZkkURYoySUU-8EeYjQn0w9dwbGdz.aiff","AQAGZkkURYoySUU-8EeYjQn0w9dwbGdz"

"../DTL1000/1970/AQAP30omKUm2KYGrjInwa8SP7ENxPD_M.aiff","AQAP30omKUm2KYGrjInwa8SP7ENxPD_M"

"../DTL1000/1970/AQASr4kyqVK0BBd66Mdzod6K5jqRv_jx.aiff","AQASr4kyqVK0BBd66Mdzod6K5jqRv_jx"

"../DTL1000/1970/AQAHzFGoRE2iJEqC5ziTo_rwPD-2KzM-.aiff","AQAHzFGoRE2iJEqC5ziTo_rwPD-2KzM-"

"../DTL1000/1970/AQAKhVuWJJLCZRiZXEJpNGx-lD-aH-Oz.aiff","AQAKhVuWJJLCZRiZXEJpNGx-lD-aH-Oz"

"../DTL1000/1970/AQAPk5umNEq2BPsL7RkeRjm8ZF1R6Tse.aiff","AQAPk5umNEq2BPsL7RkeRjm8ZF1R6Tse"

"../DTL1000/1970/AQAUfRM1Z0wCU0d58Eo8HHmgHZES2R3i.aiff","AQAUfRM1Z0wCU0d58Eo8HHmgHZES2R3i"

"../DTL1000/1970/AQAJfzLTREo24Lh7HD9iZdGFx8F_lBBz.aiff","AQAJfzLTREo24Lh7HD9iZdGFx8F_lBBz"

"../DTL1000/1970/AQAgmkmiPNOyBJF05ZjyE4_Q47nhKcmH.aiff","AQAgmkmiPNOyBJF05ZjyE4_Q47nhKcmH"

"../DTL1000/1970/AQAfd2IvLsih9kKuPAnWB9R3PMet4MyO.aiff","AQAfd2IvLsih9kKuPAnWB9R3PMet4MyO"

"../DTL1000/1970/AQAZ_pISJ8vCBGdCPEoeXEJzlOGDyyme.aiff","AQAZ_pISJ8vCBGdCPEoeXEJzlOGDyyme"

"../DTL1000/1970/AQAQz-KXKFJwhMoOR0tOmNmO__BR_cQl.aiff","AQAQz-KXKFJwhMoOR0tOmNmO__BR_cQl"

"../DTL1000/1970/AQAH4BdVKTj3I0-So6kOrT9OXAnEJmGR.aiff","AQAH4BdVKTj3I0-So6kOrT9OXAnEJmGR"

"../DTL1000/1970/AQAHu4qWTRFVJBfy7Pjx5XByL3hdBekb.aiff","AQAHu4qWTRFVJBfy7Pjx5XByL3hdBekb"

"../DTL1000/1970/AQAIJWJCJVosXA96onlyHIf3HHmizEiW.aiff","AQAIJWJCJVosXA96onlyHIf3HHmizEiW"

"../DTL1000/1970/AQAJmVHyJtGDq9iXHw_zDH52lDx0ouQV.aiff","AQAJmVHyJtGDq9iXHw_zDH52lDx0ouQV"

"../DTL1000/1970/AQAJDUmSSIuiSE1wJDjqND3-4CQeMngO.aiff","AQAJDUmSSIuiSE1wJDjqND3-4CQeMngO"

"../DTL1000/1970/AQAKjlGSJEqTTBpyfMY1Prhxo8e0Gcny.aiff","AQAKjlGSJEqTTBpyfMY1Prhxo8e0Gcny"

"../DTL1000/1970/AQALsZw2JfEU5NEDfReRb0eDLg_-A5Hm.aiff","AQALsZw2JfEU5NEDfReRb0eDLg_-A5Hm"

"../DTL1000/1970/AQAR3BelhIvwHE4e4omQb0LyJJgz1MKm.aiff","AQAR3BelhIvwHE4e4omQb0LyJJgz1MKm"

"../DTL1000/1970/AQAKpcmULEmSJIqMQ_DxHdiHfxCOIwcQ.aiff","AQAKpcmULEmSJIqMQ_DxHdiHfxCOIwcQ"

"../DTL1000/1970/AQAM2kyk5GE0NE6FK_iPJ9_R7oGfIzT0.aiff","AQAM2kyk5GE0NE6FK_iPJ9_R7oGfIzT0"

"../DTL1000/1970/AQAQSUyWJdMyuEef4ccRDw1TQbuPHB8x.aiff","AQAQSUyWJdMyuEef4ccRDw1TQbuPHB8x"

"../DTL1000/1970/AQAJS4oiTcmWJUKzzsL7IOSPhN1y1HlE.aiff","AQAJS4oiTcmWJUKzzsL7IOSPhN1y1HlE"

"../DTL1000/1970/AQAEgXlCZ0ygY36P3JjE07CWJUdlKcPz.aiff","AQAEgXlCZ0ygY36P3JjE07CWJUdlKcPz"

"../DTL1000/1970/AQATDWkUKXFE_Pghqu2Q49lxJWge1Mrw.aiff","AQATDWkUKXFE_Pghqu2Q49lxJWge1Mrw"

"../DTL1000/1970/AQAdENESJYqUJNkSJLPm4CeeHE11BQ-f.aiff","AQAdENESJYqUJNkSJLPm4CeeHE11BQ-f"

"../DTL1000/1970/AQALuJmeMUmSBROdpBCXmEV-4T2aV7jW.aiff","AQALuJmeMUmSBROdpBCXmEV-4T2aV7jW"

"../DTL1000/1970/AQANj8qyRUymSLjzDFeW4pmOK0dzHq6y.aiff","AQANj8qyRUymSLjzDFeW4pmOK0dzHq6y"

"../DTL1000/1970/AQANncsiLZKUCX9wH_h5hE-UKUgWVRFx.aiff","AQANncsiLZKUCX9wH_h5hE-UKUgWVRFx"

"../DTL1000/1970/AQALEosyJdkl4VSyiJhzESVTacgTJI0x.aiff","AQALEosyJdkl4VSyiJhzESVTacgTJI0x"

"../DTL1000/1960/AQAC-lPiLWKGH2K-HM3xHMeDHwzXBGXu.aiff","AQAC-lPiLWKGH2K-HM3xHMeDHwzXBGXu"

"../DTL1000/1960/AQAGBsqmSJQenDx-_JFz_GOQJj-e5IYu.aiff","AQAGBsqmSJQenDx-_JFz_GOQJj-e5IYu"

"../DTL1000/1960/AQAUq0kmJk5kPDA-QmV8PE-PTBfOow-8.aiff","AQAUq0kmJk5kPDA-QmV8PE-PTBfOow-8"

"../DTL1000/1960/AQAOqMycaFGDJvmOHw_6EK5z9MmRk0Hy.aiff","AQAOqMycaFGDJvmOHw_6EK5z9MmRk0Hy"

"../DTL1000/1960/AQAEX4kYJVEiBb2WGA2n4y-uk3iOH24C.aiff","AQAEX4kYJVEiBb2WGA2n4y-uk3iOH24C"

"../DTL1000/1960/AQAF3HwWF9fRJ0yQLGuEHM-F50ng9fiP.aiff","AQAF3HwWF9fRJ0yQLGuEHM-F50ng9fiP"

"../DTL1000/1960/AQAEXFHyKFkSjTi0RCWFiwqySjuqFk19.aiff","AQAEXFHyKFkSjTi0RCWFiwqySjuqFk19"

"../DTL1000/1960/AQAFHIqYJNmUKEpwPDr-okn0o08dNONx.aiff","AQAFHIqYJNmUKEpwPDr-okn0o08dNONx"

"../DTL1000/1960/AQAEsxK3RZIS4c-M5w-aMRIZ4Uez5Xg-.aiff","AQAEsxK3RZIS4c-M5w-aMRIZ4Uez5Xg-"

"../DTL1000/1960/AQAFFtGUibkSQeqP488gPhONZw-e484P.aiff","AQAFFtGUibkSQeqP488gPhONZw-e484P"

"../DTL1000/1960/AQAH22qyTMmG78h3aN4YI9fxHWj-Inm2.aiff","AQAH22qyTMmG78h3aN4YI9fxHWj-Inm2"

"../DTL1000/1960/AQAGW4rSJMumKMFTbDv6UEiaLjviB6eM.aiff","AQAGW4rSJMumKMFTbDv6UEiaLjviB6eM"

"../DTL1000/1960/AQALJk-sRsL1oXFToxaJO0eO6XygKHpS.aiff","AQALJk-sRsL1oXFToxaJO0eO6XygKHpS"

"../DTL1000/1960/AQALn4ymLJHEoD9-PAhTXUjmxEwyHA-e.aiff","AQALn4ymLJHEoD9-PAhTXUjmxEwyHA-e"

"../DTL1000/1960/AQAPbxKpKIqiJAleMfiEJzKPStmH6TFR.aiff","AQAPbxKpKIqiJAleMfiEJzKPStmH6TFR"

"../DTL1000/1960/AQAJPVmihEkiJUyCHw_W73DFQ_vxB6GH.aiff","AQAJPVmihEkiJUyCHw_W73DFQ_vxB6GH"

"../DTL1000/1960/AQAUhZIadYo0PHvQxMdPOMrGonxW9LME.aiff","AQAUhZIadYo0PHvQxMdPOMrGonxW9LME"

"../DTL1000/1960/AQAEzUr4SMqEXpnRXBN-4UiOXAmjCk39.aiff","AQAEzUr4SMqEXpnRXBN-4UiOXAmjCk39"

"../DTL1000/1960/AQAMa0miJLEWEjoTBWtIvLzw7cEzKIqe.aiff","AQAMa0miJLEWEjoTBWtIvLzw7cEzKIqe"

"../DTL1000/1960/AQALJpEeRhID5niCHU6YHndQ5oH3FeEv.aiff","AQALJpEeRhID5niCHU6YHndQ5oH3FeEv"

"../DTL1000/1960/AQAGn8sURWGSbAl-MD0cMSMOHMmsI2am.aiff","AQAGn8sURWGSbAl-MD0cMSMOHMmsI2am"

"../DTL1000/1960/AQAUyowSMUmiKMK7HDmST4ePSjKJvsVD.aiff","AQAUyowSMUmiKMK7HDmST4ePSjKJvsVD"

"../DTL1000/1960/AQAOGNKkZEmiJMqCp8hPaDn6C7eDzpnQ.aiff","AQAOGNKkZEmiJMqCp8hPaDn6C7eDzpnQ"

"../DTL1000/1960/AQANR0zCLJmYDE3SLMePH79Q-kFCckfI.aiff","AQANR0zCLJmYDE3SLMePH79Q-kFCckfI"

"../DTL1000/1960/AQAKL0vCJFGSJ4mwz0cfBl8-5MOhJVo6.aiff","AQAKL0vCJFGSJ4mwz0cfBl8-5MOhJVo6"

"../DTL1000/1960/AQAQsXoWaWrwHUd_Bc0nIcl5hGKigDQx.aiff","AQAQsXoWaWrwHUd_Bc0nIcl5hGKigDQx"

"../DTL1000/1960/AQAGMlwWhviH5xn-o0SdHjl09DyaOg9U.aiff","AQAGMlwWhviH5xn-o0SdHjl09DyaOg9U"

"../DTL1000/1960/AQAH9AoTxZEyKTh64iKPeug-mESo7TgU.aiff","AQAH9AoTxZEyKTh64iKPeug-mESo7TgU"

"../DTL1000/1960/AQAq84nyJEmTTAlKFvdxoRmJSkuO_egi.aiff","AQAq84nyJEmTTAlKFvdxoRmJSkuO_egi"

"../DTL1000/1960/AQAF1Zq0TImioPxw18Rx9PDRH2cQPULi.aiff","AQAF1Zq0TImioPxw18Rx9PDRH2cQPULi"

"../DTL1000/1960/AQAJe5LWNEsU7MuHJp-Qt4eyZ4gX6vjw.aiff","AQAJe5LWNEsU7MuHJp-Qt4eyZ4gX6vjw"

"../DTL1000/1960/AQAGH05OTSmS6wr2BA8PTU_ho2RNnIYW.aiff","AQAGH05OTSmS6wr2BA8PTU_ho2RNnIYW"

"../DTL1000/1960/AQABKHpCSZGQLD8q8omQimIcXCqO-0Hz.aiff","AQABKHpCSZGQLD8q8omQimIcXCqO-0Hz"

"../DTL1000/1960/AQAWBgqz5JKyIJ_C44OOW1HFoT4-HVoj.aiff","AQAWBgqz5JKyIJ_C44OOW1HFoT4-HVoj"

"../DTL1000/1960/AQAPxZKSRZQSScKVpURzorvwaTqeJMKP.aiff","AQAPxZKSRZQSScKVpURzorvwaTqeJMKP"

"../DTL1000/1960/AQAF9oqSM8ykoHqEOcel9OhDfkiWM0ee.aiff","AQAF9oqSM8ykoHqEOcel9OhDfkiWM0ee"

"../DTL1000/1960/AQAFFJISJ4oUJQOq_ELzHz8ROU-QzCvc.aiff","AQAFFJISJ4oUJQOq_ELzHz8ROU-QzCvc"

"../DTL1000/1960/AQALVpnuKJmE5N9Q-fi2oA-PG82P_sOT.aiff","AQALVpnuKJmE5N9Q-fi2oA-PG82P_sOT"

"../DTL1000/1960/AQAIUooShWGyKIOPLf7QH8kneUH0UPCD.aiff","AQAIUooShWGyKIOPLf7QH8kneUH0UPCD"

"../DTL1000/1960/AQAGmdKULCWToPsjNEsk9IfzYNJ31HqR.aiff","AQAGmdKULCWToPsjNEsk9IfzYNJ31HqR"

"../DTL1000/1960/AQAEpImUJInUSUKT_SiXHNeDV0Tzo2Tw.aiff","AQAEpImUJInUSUKT_SiXHNeDV0Tzo2Tw"

"../DTL1000/1960/AQAHa9GWTAulDF9-5MWPH88F8kH2Bnry.aiff","AQAHa9GWTAulDF9-5MWPH88F8kH2Bnry"

"../DTL1000/1960/AQAg5mqo5EkCq4kQK0-Lv7hyTFn2oH8C.aiff","AQAg5mqo5EkCq4kQK0-Lv7hyTFn2oH8C"

"../DTL1000/1960/AQAF98qYJI0ksMS1o0mmaKj-YD_OB5dR.aiff","AQAF98qYJI0ksMS1o0mmaKj-YD_OB5dR"

"../DTL1000/1960/AQAE74mahVmCZ9FRyTr-BBez44PP41Hx.aiff","AQAE74mahVmCZ9FRyTr-BBez44PP41Hx"

"../DTL1000/1960/AQAJUpKiKBGZLAk6YZt21NGR7EcY8BYl.aiff","AQAJUpKiKBGZLAk6YZt21NGR7EcY8BYl"

"../DTL1000/1960/AQAFW1nCRVQUSai-QK6O-MF2Bfzhl3gO.aiff","AQAFW1nCRVQUSai-QK6O-MF2Bfzhl3gO"

"../DTL1000/1960/AQANb5SSTFISSWjDBb_QRwwwXgm4eNiJ.aiff","AQANb5SSTFISSWjDBb_QRwwwXgm4eNiJ"

"../DTL1000/1960/AQAJi1KSSLHGJGhe4ckjnBOPXN2RPDl6.aiff","AQAJi1KSSLHGJGhe4ckjnBOPXN2RPDl6"

"../DTL1000/1960/AQAKG9ESSZuORPxxKcaTzcF_1CIaLVqO.aiff","AQAKG9ESSZuORPxxKcaTzcF_1CIaLVqO"

"../DTL1000/1960/AQAFnlKiKaK4IK2h6UuQF3ceOFaYIAd7.aiff","AQAFnlKiKaK4IK2h6UuQF3ceOFaYIAd7"

"../DTL1000/1960/AQAHA4qiJI-aCBOTT7gr_EL4Bcny7EFN.aiff","AQAHA4qiJI-aCBOTT7gr_EL4Bcny7EFN"

"../DTL1000/1960/AQAJfMqyjdEW4S-BC9fS43pwH72EI70G.aiff","AQAJfMqyjdEW4S-BC9fS43pwH72EI70G"

"../DTL1000/1960/AQAJiEmoKVIswU8EdXyC8hQcfWg5C8eL.aiff","AQAJiEmoKVIswU8EdXyC8hQcfWg5C8eL"

"../DTL1000/1960/AQAVN1IWJZGSSFmCvsMvocngM7iUREeT.aiff","AQAVN1IWJZGSSFmCvsMvocngM7iUREeT"

"../DTL1000/1960/AQAFNdIUJlKSZMEPXxlxWTgeXEMPZ3GQ.aiff","AQAFNdIUJlKSZMEPXxlxWTgeXEMPZ3GQ"

"../DTL1000/1960/AQAGB4l0KVGYBPmPch6eHb2HZ8vRxCh_.aiff","AQAGB4l0KVGYBPmPch6eHb2HZ8vRxCh_"

"../DTL1000/1960/AQAJPJG0TIySJQmaX_hPnOgOb8mMH5rp.aiff","AQAJPJG0TIySJQmaX_hPnOgOb8mMH5rp"

"../DTL1000/1960/AQAF6VSiJIoSRUXtBz7y4tB1_LiQS-Fh.aiff","AQAF6VSiJIoSRUXtBz7y4tB1_LiQS-Fh"

"../DTL1000/1960/AQADhtKXJFGCpGmNfIrRhEGZRUd54YkV.aiff","AQADhtKXJFGCpGmNfIrRhEGZRUd54YkV"

"../DTL1000/1960/AQAF7aqSRIoyNbgiBT8Szka-4sf-JGhu.aiff","AQAF7aqSRIoyNbgiBT8Szka-4sf-JGhu"

"../DTL1000/1960/AQAS69WUZE6UBEm5I916tFQyHdcuXBbC.aiff","AQAS69WUZE6UBEm5I916tFQyHdcuXBbC"

"../DTL1000/1960/AQAKiMuibVkSBn2Ob4iUa_iPK2km_A-O.aiff","AQAKiMuibVkSBn2Ob4iUa_iPK2km_A-O"

"../DTL1000/1960/AQAJN2PIJVSG78-Q51B9ZA-aJ-gnPNmD.aiff","AQAJN2PIJVSG78-Q51B9ZA-aJ-gnPNmD"

"../DTL1000/1960/AQAFgEuoJYlSNA8u5NBvRLpyNPhDNE2y.aiff","AQAFgEuoJYlSNA8u5NBvRLpyNPhDNE2y"

"../DTL1000/1960/AQALslOcKLqSBH2EX8cfNM-H8DqSbRSP.aiff","AQALslOcKLqSBH2EX8cfNM-H8DqSbRSP"

"../DTL1000/1960/AQANudkSJo0SBfEWJccNM5k6fAHcNHiU.aiff","AQANudkSJo0SBfEWJccNM5k6fAHcNHiU"

"../DTL1000/1960/AQAF8kmi6HuCMHvQXTr2XMEZuEpWPFmK.aiff","AQAF8kmi6HuCMHvQXTr2XMEZuEpWPFmK"

"../DTL1000/1960/AQAE5kqYJUnEMUHSV4iYkgz6wp-Ew0zC.aiff","AQAE5kqYJUnEMUHSV4iYkgz6wp-Ew0zC"

"../DTL1000/1960/AQAHF0qcqEuDnHiIpzruFZF7tJouNDNy.aiff","AQAHF0qcqEuDnHiIpzruFZF7tJouNDNy"

"../DTL1000/1960/AQAOPsoUSlGybHgoDx_qHT4z4enxCFSe.aiff","AQAOPsoUSlGybHgoDx_qHT4z4enxCFSe"

"../DTL1000/1960/AQAN_xLHLFGSBSFJiD3xXzg-_HiOauM0.aiff","AQAN_xLHLFGSBSFJiD3xXzg-_HiOauM0"

"../DTL1000/1960/AQAEvomSPIoiwW9Q-Tj2HJdsMN8B8_hw.aiff","AQAEvomSPIoiwW9Q-Tj2HJdsMN8B8_hw"

"../DTL1000/1960/AQAHZ7uSTJKFTzgO_8WDK9B__Kh8WD2c.aiff","AQAHZ7uSTJKFTzgO_8WDK9B__Kh8WD2c"

"../DTL1000/1960/AQAJQksiyQ8aH8eLdMyhN4gpoTtePUMb.aiff","AQAJQksiyQ8aH8eLdMyhN4gpoTtePUMb"

"../DTL1000/1960/AQAFe0qk6EosTDQdONTRJYxwurgteNFx.aiff","AQAFe0qk6EosTDQdONTRJYxwurgteNFx"

"../DTL1000/1960/AQAJCpGjRJISBT_OEw0PhswO7Tz8dOhR.aiff","AQAJCpGjRJISBT_OEw0PhswO7Tz8dOhR"

"../DTL1000/1960/AQAHLYnTnMStNDnUnPiRE08a5EZynMFz.aiff","AQAHLYnTnMStNDnUnPiRE08a5EZynMFz"

"../DTL1000/1960/AQAKZLnUhviOZ3iMKb3gZxNRjcE7KdDE.aiff","AQAKZLnUhviOZ3iMKb3gZxNRjcE7KdDE"

"../DTL1000/1960/AQAEltQmSWIW4E4JS2O04MaVWAv-HB57.aiff","AQAEltQmSWIW4E4JS2O04MaVWAv-HB57"

"../DTL1000/1960/AQAYbGOSKEkShZGCc8OFX-jUHh6zJ7iP.aiff","AQAYbGOSKEkShZGCc8OFX-jUHh6zJ7iP"

"../DTL1000/1960/AQALglJDSWrQHkn24JbQHSce8WAeK0hG.aiff","AQALglJDSWrQHkn24JbQHSce8WAeK0hG"

"../DTL1000/1960/AQAJk3ETRVEWIZQPX0eZP7iU40rR2AzO.aiff","AQAJk3ETRVEWIZQPX0eZP7iU40rR2AzO"

"../DTL1000/1960/AQAGrosS0U8STM_RHFfwoA-2iMd3h2j2.aiff","AQAGrosS0U8STM_RHFfwoA-2iMd3h2j2"

"../DTL1000/1960/AQAL9WGUKFlTQT8OMc9Qpezw50Ge4DbQ.aiff","AQAL9WGUKFlTQT8OMc9Qpezw50Ge4DbQ"

"../DTL1000/1960/AQANtUySLEw4on-QOOGH_MEROtFuaNlP.aiff","AQANtUySLEw4on-QOOGH_MEROtFuaNlP"

"../DTL1000/1960/AQALxpOyJEmSRwl4WNzxHdurF8VHVFrj.aiff","AQALxpOyJEmSRwl4WNzxHdurF8VHVFrj"

"../DTL1000/1960/AQAFCVGyLIkiZWidAznOo5GkBT7y44dY.aiff","AQAFCVGyLIkiZWidAznOo5GkBT7y44dY"

"../DTL1000/1960/AQAMqomSJJISSlLw45dC-FuGG_pxwjyO.aiff","AQAMqomSJJISSlLw45dC-FuGG_pxwjyO"

"../DTL1000/1960/AQAHiUs-xRp6tWiS56g440mKPMNPBX2E.aiff","AQAHiUs-xRp6tWiS56g440mKPMNPBX2E"

"../DTL1000/1960/AQAFf-OkhksS_KAe9DeaH8-FPJCykDea.aiff","AQAFf-OkhksS_KAe9DeaH8-FPJCykDea"

"../DTL1000/1960/AQAOEMuiZGEiichz6Eb6FU8ecHnxIlmU.aiff","AQAOEMuiZGEiichz6Eb6FU8ecHnxIlmU"

"../DTL1000/1960/AQAI6kmyLEmkJEmkCF9-_DoeoeVAHb1x.aiff","AQAI6kmyLEmkJEmkCF9-_DoeoeVAHb1x"

"../DTL1000/1960/AQAHU4uUKNGqJUFk4noKzdGRokfZcGi-.aiff","AQAHU4uUKNGqJUFk4noKzdGRokfZcGi-"

"../DTL1000/1960/AQAQF5ISJ4ymJMF3HO9E4iduKYjUiAmR.aiff","AQAQF5ISJ4ymJMF3HO9E4iduKYjUiAmR"

"../DTL1000/1960/AQAHqMrCSIsSJUQfHv4HfipCHnqy4zoC.aiff","AQAHqMrCSIsSJUQfHv4HfipCHnqy4zoC"

"../DTL1000/1960/AQAKIkkmicuzIMcFZwpzFc-UPRmOIlnO.aiff","AQAKIkkmicuzIMcFZwpzFc-UPRmOIlnO"

"../DTL1000/1960/AQAC6YmScIoe4fgv9DquHIfOC2UeJRr8.aiff","AQAC6YmScIoe4fgv9DquHIfOC2UeJRr8"

"../DTL1000/1960/AQAFR1wUTVGYEOfxiEefoFmSI9efaFB-.aiff","AQAFR1wUTVGYEOfxiEefoFmSI9efaFB-"

"../DTL1000/1960/AQAEyomSSGKShrg61HpwC6Geo1Gq4KGJ.aiff","AQAEyomSSGKShrg61HpwC6Geo1Gq4KGJ"

"../DTL1000/1960/AQAEqkxyJmJx5Six50HyHdnx_Hif4tED.aiff","AQAEqkxyJmJx5Six50HyHdnx_Hif4tED"

"../DTL1000/1960/AQAMv1O0WYmSCIwSXYiRPDiar-D7JHhu.aiff","AQAMv1O0WYmSCIwSXYiRPDiar-D7JHhu"

"../DTL1000/1960/AQAFp1IeRREXHL2MZ8iTJEjmw0c_GR_O.aiff","AQAFp1IeRREXHL2MZ8iTJEjmw0c_GR_O"

"../DTL1000/1960/AQAJAEpCJUsmafiRlxC7HcE-9MdHHM-U.aiff","AQAJAEpCJUsmafiRlxC7HcE-9MdHHM-U"

"../DTL1000/1960/AQAFamum7EmQB8mD63h-VD_-ojYlvO8Q.aiff","AQAFamum7EmQB8mD63h-VD_-ojYlvO8Q"

"../DTL1000/1960/AQAJ_lKSKdk6CZXC43yCC_XRNJDbHPfx.aiff","AQAJ_lKSKdk6CZXC43yCC_XRNJDbHPfx"

"../DTL1000/1960/AQAGXOrETJHQ6FYC1yny5Uj44y36fGil.aiff","AQAGXOrETJHQ6FYC1yny5Uj44y36fGil"

"../DTL1000/1960/AQAFhYkVKVKSSEHapsIpZcKYg9v4oBmz.aiff","AQAFhYkVKVKSSEHapsIpZcKYg9v4oBmz"

"../DTL1000/1960/AQAEdkqUKEkUcZLwHSee7qgewlVyvFeK.aiff","AQAEdkqUKEkUcZLwHSee7qgewlVyvFeK"

"../DTL1000/1960/AQANYtSZMcMlPErK4CmSSFkQKfGP58VT.aiff","AQANYtSZMcMlPErK4CmSSFkQKfGP58VT"

"../DTL1000/1920/JE-1-055-18.wav","AQAGRVGaJKGSTAnEF6gWJUmX4fhzHDry"

"../DTL1000/1920/JE-1-015-07.wav","AQAFGooqJZSoBD3xZMWTG-mmGbqR08Qe"

"../DTL1000/1920/JE-1-019-24.wav","AQAFjCL1SFOCMkiWHbmPp9NxRnmI63iG"

"../DTL1000/1920/JE-1-010-17.wav","AQAF_8uSKEkkZZnQo6mDXQpqfXiCa8dR"

"../DTL1000/1920/JE-1-060-13.wav","AQAFa1KUhMkTCU-WJ7Bz1Due6PiVFUmk"

"../DTL1000/1920/JE-1-087-23.wav","AQAFbk8WSVmi4PBz_EYe5dCPKYSqR0iT"

"../DTL1000/1920/JE-1-010-23.wav","AQAErNJGJVJyfC_KKEQznSl-9LCOiouS"

"../DTL1000/1920/JE-1-018-04.wav","AQAF-ErCRkmUHNQxoY_RPMJTQ32C5seT"

"../DTL1000/1920/JE-1-005-14.wav","AQAFfUqSVxMSJZeCPInxxzEaJcs8MNQl"

"../DTL1000/1920/JE-1-092-08.wav","AQAF8FKSkImVEC9hLctxysIfhImtQ19-"

"../DTL1000/1920/JE-1-030-09.wav","AQAGL8kzSVSEHFemIFKy9CiPN9mEvS_-"

"../DTL1000/1920/JE-1-063-16.wav","AQAFtcqk6FMU0MeP89jqVPhxKkfjLSdc"

"../DTL1000/1920/JE-1-083-18.wav","AQAFmFcSSlKCL8rxBzeNL8fxB7_RB_6h"

"../DTL1000/1920/JE-1-041-16.wav","AQAFI0q0KE2WBgyPMIXK9MiPe2iuzZjM"

"../DTL1000/1920/JE-1-012-03.wav","AQAF60m1RJJYPDrkRXOgyf3gHaHGObh0"

"../DTL1000/1920/JE-1-009-12.wav","AQAGg9qyRFKkKAnyC-K8o0f04XTx48jR"

"../DTL1000/1920/JE-1-066-24.wav","AQAGL4yVTVKWIPeRMEdnnqj9CU3C6Aqe"

"../DTL1000/1920/JE-1-033-04.wav","AQAFWUkTJZG0NEFyPMaV-Ghe9BODX8EX"

"../DTL1000/1920/JE-1-072-08.wav","AQAF4krkRFIyJvgjPLpgJzzyKEey7IQv"

"../DTL1000/1920/JE-1-045-11.wav","AQAFsEsSLUmiKNIA4EUe_IBCCP-QH8eP"

"../DTL1000/1920/JE-1-041-23.wav","AQAFKIlyMVOSQTt-I092_EOjn6jEVsSX"

"../DTL1000/1920/JE-1-090-12.wav","AQAFiGmWzNmU4ElR6hK0Z3iOd9VR_SnC"

"../DTL1000/1920/JE-1-078-02.wav","AQAFgVoWJUykB0_gSThRUUwo45wu5NIO"

"../DTL1000/1920/JE-1-039-20.wav","AQAFtGyUSFmY4MeP5E-G_MFToXlCojy-"

"../DTL1000/1920/JE-1-090-06.wav","AQAFVA6TSIk2JfiSo6SOJgop9EeyfAmR"

"../DTL1000/1920/JE-1-064-13.wav","AQAFnVokMVKTRKiVY_pBVTqiZyl0w0wu"

"../DTL1000/1920/JE-1-019-04.wav","AQAFedwkr8IlHS0Puzye4_iRH8mJi_hx"

"../DTL1000/1920/JE-1-092-19.wav","AQAFikpyKUmsCFTjh9htIT2PJHRzNM8O"

"../DTL1000/1920/JE-1-090-17.wav","AQAFZ5EiJkqkZMjyrMR1XA-eHj_-o4l5"

"../DTL1000/1920/JE-1-033-23.wav","AQAFgkmUhEukJJQgF84rlNqs4Dn2HH4I"

"../DTL1000/1920/JE-1-040-14.wav","AQAGYUkuqRu0h0UoJriDH66HtVKQQ8s6"

"../DTL1000/1920/JE-1-044-04.wav","AQAFeUoSMUmiiEnw4GifLPhT-EfUGapD"

"../DTL1000/1920/JE-1-081-11.wav","AQAFdEmUJEuUSDluCNEHeB5-vMelKIV3"

"../DTL1000/1920/JE-1-024-07.wav","AQAFXMkoJlMenCtOtBdi9BU26bgC_qj-"

"../DTL1000/1920/JE-1-046-20.wav","AQAFX4qSKGm8CE0l3FJwWdiHfcdPwk6O"

"../DTL1000/1920/JE-1-023-13.wav","AQAFdAqvJLGCO5CeFRcmMmiWEE-NOw9y"

"../DTL1000/1920/JE-1-052-11.wav","AQAFYU8UJSHRh8dzojye5SEufNGONwiD"

"../DTL1000/1920/JE-1-025-17.wav","AQAFlVIoeVmG68TRrMMzZiKeDM8Fx8KX"

"../DTL1000/1920/JE-1-081-17.wav","AQAFjZL0SFwS5Bn0Iw0fPEfyZUecH80b"

"../DTL1000/1920/JE-1-068-06.wav","AQAFvI2UJIoiTUmAZG8Qk52CJ-SDieEC"

"../DTL1000/1920/JE-1-029-19.wav","AQAFQoqSKVmSpUEP8kkc-Phx5sRfoeTh"

"../DTL1000/1920/JE-1-039-06.wav","AQAFv0qkP4mwNQ2-4MfRM03wPEQp5Riz"

"../DTL1000/1920/JE-1-042-18.wav","AQAGJ0rUTEmUJMZ95MUhXceUL1WC8Dn-"

"../DTL1000/1920/JE-1-005-17.wav","AQAFkFkSLUqmTJg-6Pjxw09i_Hh1TKmY"

"../DTL1000/1920/JE-1-015-02.wav","AQAFbEqUJtIj4WJy9EOmhgmLZJQSsWjO"

"../DTL1000/1920/JE-1-039-15.wav","AQAGZImULtlipGdwZdzwpnCFN1eRX9B-"

"../DTL1000/1920/JE-1-060-12.wav","AQAFr5YybYlQ5YLjPEj47Ah9CT-OMq-C"

"../DTL1000/1920/JE-1-053-19.wav","AQAGN8oS8RF-_Jgo22jODJdOPDSaJGSO"

"../DTL1000/1920/JE-1-075-01.wav","AQAF6XkSRUoU43sRU1eKxwvCHDqOXjve"

"../DTL1000/1920/JE-1-066-09.wav","AQAGDl8YSWvwyCIuPeiPR7dgTT-qxxvy"

"../DTL1000/1920/JE-1-014-10.wav","AQAFHUkUSZmShFEghXmi4xQdRGVuNFmU"

"../DTL1000/1920/JE-1-035-11.wav","AQAF1k4yJYukBv8VxIfWI5969Am-4Aq-"

"../DTL1000/1920/JE-1-059-17.wav","AQAFwRKzNMsYPNIm4jpyGX4WFUq-adju"

"../DTL1000/1920/JE-1-070-22.wav","AQAFPe0yaUqSYDoLPpUwnMlxhRC36XhS"

"../DTL1000/1920/JE-1-093-15.wav","AQAFt4lEKtOa4EmyFydToj384GMUOITO"

"../DTL1000/1920/JE-1-010-22.wav","AQAGKZISSswTPNdx3HnwPDm-5Eh-hHmC"

"../DTL1000/1920/JE-1-052-18.wav","AQAF49JOaYmQH32h5zfOB9-xnYeOCz9y"

"../DTL1000/1920/JE-1-048-13.wav","AQAGBUkihb2CH5kjmvjson7hHJH-49DZ"

"../DTL1000/1920/JE-1-092-22.wav","AQAFwVISJUkiKxOuKkX5oXmDdhl-nJLx"

"../DTL1000/1920/JE-1-022-18.wav","AQAFHtKYhEqcoOTRRFGypOizwvHxwD-S"

"../DTL1000/1920/JE-1-064-17.wav","AQAF-MmWKGGU5MGzo06yDOcyvHtQ3YN-"

"../DTL1000/1920/JE-1-021-03.wav","AQAFn6JMRVEkPEeyTIuyI5cCPNWP6krw"

"../DTL1000/1920/JE-1-066-04.wav","AQAGFolCOsmUJGhmE3m042_QNBeJSGRW"

"../DTL1000/1920/JE-1-016-08.wav","AQAFQFOSMIqiMOAB_MGP40IYzQn0K8in"

"../DTL1000/1920/JE-1-003-10.wav","AQAGKjKTRMtU_PjRe6h2_EfzIPyhayiZ"

"../DTL1000/1920/JE-1-044-07.wav","AQAE80rEJJEUJgv26HiUjziuSMTDSEeY"

"../DTL1000/1920/JE-1-079-01.wav","AQAGXoySKBGTVChlXMQuEuEh6TyefJhO"

"../DTL1000/1920/JE-1-011-24.wav","AQAFnmISRtGSpMGjERfCp4KWCrmP5sKD"

"../DTL1000/1920/JE-1-029-07.wav","AQAF45qSiFyULChDGsd59EL3HPuIfkTy"

"../DTL1000/1920/JE-1-083-03.wav","AQAFQlGURkmU7GjeQ1t6In_waDH8Hp9z"

"../DTL1000/1920/JE-1-008-19.wav","AQAF7kqiREkSKUkTVLmFJI-OnDiO70Ff"

"../DTL1000/1920/JE-1-067-06.wav","AQAGtZkuKUkSBGeQfDrC5B_qlcEXWceP"

"../DTL1000/1920/JE-1-011-04.wav","AQAFVbm2SEHOFBeHB72GpjzesNjjTDl4"

"../DTL1000/1920/JE-1-053-20.wav","AQAF3E-iJJGW4wFe9DHC6Dn0HLHS4ze-"

"../DTL1000/1920/JE-1-006-10.wav","AQAFNsmSJEsSRYoC_fgVhN_QF654nIoc"

"../DTL1000/1920/JE-2-056-10.wav","AQAGXRaVJZLC4D_uCWFONUHCXD2qHGdw"

"../DTL1000/1920/JE-1-046-06.wav","AQAFYWKSZdWiJIgT5oOO5PoCVy4eSvCV"

"../DTL1000/1920/JE-1-093-17.wav","AQAFnQkfa5GC68EbBnnn4MkFP8Qz_Lgf"

"../DTL1000/1920/JE-1-019-10.wav","AQAGA0midUkWCmPCMER1aDmuIE-G38fT"

"../DTL1000/1920/JE-1-085-18.wav","AQAGOVLCLMkUTfjh13iP_8gv6DkupsET"

"../DTL1000/1920/JE-1-067-07.wav","AQAGYsxDSVES4AnCnB-SOm7wCief4OrR"

"../DTL1000/1920/JE-1-024-11.wav","AQAFoSKlJEryCE-CPzj6Er4Zo3-En_jx"

"../DTL1000/1920/JE-1-051-21.wav","AQAFXZqmMKaC73i0I7mcI9RP5FegcwiP"

"../DTL1000/1920/JE-1-029-16.wav","AQAFZYm0bnrw4Tf2g_kOfQnxg0v5wI2x"

"../DTL1000/1920/JE-1-093-13.wav","AQAFqpISRbESEfmR7Awa7RmOP7iO78jl"

"../DTL1000/1920/JE-1-017-21.wav","AQAGg0wkJZEiMugVxEfCpMdLC21yOJIP"

"../DTL1000/1920/JE-1-018-01.wav","AQAFYI8SPQl-HFeO5BryHCcqH41yq_jR"

"../DTL1000/1920/JE-1-088-06.wav","AQAFHpSUJJSYJfgu-HlwPLgZPBeabvnQ"

"../DTL1000/1920/JE-1-021-08.wav","AQAGPpKeRBETJXgkIs-cBH5-5NFxHjOT"

"../DTL1000/1920/JE-1-086-08.wav","AQAF_0mkLEkiKdISNPlx7cEVNGqOX3gw"

"../DTL1000/1920/JE-1-083-21.wav","AQAF1VqSJUmYMEqCJx_qX7iqB9-DkNOR"

"../DTL1000/1920/JE-1-046-04.wav","AQAFSFIiiuGSJNgl-PTQR8fjG5d4PFkY"

"../DTL1000/1920/JE-1-003-12.wav","AQAFihGnkwqSmyr6a2iWJdGR-9DeGJFy"

"../DTL1000/1920/JE-1-024-03.wav","AQAFTZmkiEpiQZc35DjV4F1ReS2cNAtK"

"../DTL1000/1920/JE-1-033-22.wav","AQAFY3qiRNqKX3jwLEezhTx-OJnowEet"

"../DTL1000/1920/JE-1-008-20.wav","AQAGmqQWKVHG4EdfNA-uHI92YU70DQ8f"

"../DTL1000/1920/JE-1-015-04.wav","AQAEyguVRFGiJJlwHX-OOejRnMfJ4akw"

"../DTL1000/1920/JE-1-088-11.wav","AQAE7UmiZFKzFYzjYcpwHrlkdMsmIsx4"

"../DTL1000/1920/JE-1-041-12.wav","AQAF_HkWRZ0iTMkP3bC0oxckTsEpBRoP"

"../DTL1000/1920/JE-1-042-20.wav","AQAFc0qShJ2kJWguBU_i42G24r0w5Q_6"

