AQAJe5LWNEsU7MuHJp-Qt4eyZ4gX6vjw,cool
AQAH4BdVKTj3I0-So6kOrT9OXAnEJmGR,contemporary
AQAHLYnTnMStNDnUnPiRE08a5EZynMFz,cool
AQAE74mahVmCZ9FRyTr-BBez44PP41Hx,hardbop
AQAEQkoSMZSSSAoO9zgqMzj-DE93JMsy,postbop
AQAEpImUJInUSUKT_SiXHNeDV0Tzo2Tw,cool
AQAEzUr4SMqEXpnRXBN-4UiOXAmjCk39,cool
AQAF3HwWF9fRJ0yQLGuEHM-F50ng9fiP,hardbop
AQAFFtGUibkSQeqP488gPhONZw-e484P,cool
AQAFf-OkhksS_KAe9DeaH8-FPJCykDea,cool
AQAFnlKiKaK4IK2h6UuQF3ceOFaYIAd7,hardbop
AQAG0yGjZEkkpB_-4Ed-qPGD_PhxHD6O,contemporary
AQAGI9HGJY3CgMdzTEqh6fjj4LnwPUMT,cool
AQAGMlwWhviH5xn-o0SdHjl09DyaOg9U,cool
AQAGfkwSMYqkBc6F67iiwAgL9chDksEv,cool
AQAGgEnSpYkyHH9x_Diq3Ph6mMNx4TBZ,cool
AQAGn8sURWGSbAl-MD0cMSMOHMmsI2am,hardbop
AQAGolGSKIrUJJECN-Lx48fj4Ac2PaiV,fusion
AQANh1kWctECRxnjIX8E58_wLDv8KMgF,postbop
AQAF8kySSJGkC2GWjPjRqMmhPQyHHMcz,swing
AQAI_0qURFKUJkzAajuYfEJ4iVAe5OkO,latin
AQAIf5HThIoShF_RJDcuPMd348mF0M3h,postbop
AQAIgtEaJdmKdBKD42JiHOciIkzzIDnY,hardbop
AQAC6YmScIoe4fgv9DquHIfOC2UeJRr8,cool
AQADhtKXJFGCpGmNfIrRhEGZRUd54YkV,swing
AQAENAz5RMKLH0_xI8QJIWc-fC165_jh,contemporary
AQAESUqSaFkiKomQ80h-PB-uH913_PiP,contemporary
AQAEXFHyKFkSjTi0RCWFiwqySjuqFk19,cool
AQAFKE6SJaGk4hOuYNYOOwyN73hYqCJx,free
AQAFL0z4JEoWBbVS48nxFHmO9yTqQOzR,swing
AQAGNIoSLVGUqThw_ECg40XICxdmNA9y,other
AQAGSFuidEnKwN7wuHgkBd-MZHmWGTkP,cool
AQAGZZKeKJ2SoI5yODysP0SviEL1oFmS,contemporary
AQAEsxK3RZIS4c-M5w-aMRIZ4Uez5Xg-,traditional
AQAF3kmWLGoiLcL3CDXRnBzyS3iuCU2o,postbop
AQAF7aqSRIoyNbgiBT8Szka-4sf-JGhu,hardbop
AQAF8kmi6HuCMHvQXTr2XMEZuEpWPFmK,hardbop
AQAG3w6VMFoTPDtyiD9i5fiO7zh-JMuD,contemporary
AQAG7FKWRaGiJBJyJOuCo0HV5MKjHb2O,traditional
AQAGBsqmSJQenDx-_JFz_GOQJj-e5IYu,hardbop
AQAGEcqcZBKzBA9DCdWfIFGiMkWsCmwS,fusion
AQAGFk4TSQoVJC9yHhdXBXvy4AeT63jC,other
AQAFP0uSRFKkKYpALYolBTVyHzqeGyKH,latin
AQAFmUoSJsmSMREmRsV_PEXjJ-iPA_lR,contemporary
AQAFzkmSJI2ibBGaxAv6Iz2DXniioF-O,fusion
AQAGf1EShVGkZEN__BMYRcsLl8cH8XBv,postbop
AQAGlGIijcmOd8c_lKKHhkuN44fVTLil,postbop
AQAHU4uUKNGqJUFk4noKzdGRokfZcGi-,other
AQAId5cXJcM0bemCJs_xGBfyyPjQQ9l5,free
AQAJh8oSKdGiTkCvw_ghHz3a47hnHL6g,free
AQAJhEkSaUlEJQtu-Dhc4IBPC9-BHz7e,latin
AQANJRkbJlTwhOheQbxSDf2EP8eTrQqa,postbop
AQAJi1KSSLHGJGhe4ckjnBOPXN2RPDl6,hardbop
AQAPk5umNEq2BPsL7RkeRjm8ZF1R6Tse,hardbop
AQAH50qU5IuSDv2DSyFqDs-P_kOz46bA,swing
AQAIeUkSJWaSJIkU-EfXOjhuvOhzNH3x,swing
AQAH6FwkPsV35MkFNW8EPzM-Hjdyw8-D,postbop
AQAHDNIcKcsmOOaQ5MkR8CgXrUKlUB9O,swing
AQAHF0qcqEuDnHiIpzruFZF7tJouNDNy,hardbop
AQAHH9EohcnGoPzRhHzwJFmO82j0HCX0,contemporary
AQAHJEmiaGGShAtyhL9gNk-C48YP50P9,postbop
AQAHLFsjLYuU4AH3oDvCpBEeaPkRcuTw,postbop
AQAHYEoSJUmiJUpxw6iEbkcufIR2Vsh9,latin
AQAHeSKXakqg6ziaoxcVPIoxi8rxLQ-Y,cool
AQAHqMrCSIsSJUQfHv4HfipCHnqy4zoC,swing
AQAHwJmiJVKSdMIHLX9UhI-Fxym-aM6R,fusion
AQAHxkrUJhKLJdmKMnnw4xO-IznCHD09,postbop
AQAI6kmyLEmkJEmkCF9-_DoeoeVAHb1x,hardbop
AQAIAIqaZOGiKMGPTD9Uoysd8Ct0Jjke,hardbop
AQAIH-GkKImSZAt8vKKgyEki6gCP-Y1x,fusion
AQAIYpuihEuSJsGPxkItDu3Ba5PgKwlC,latin
AQAIZkmURNqSUUE-7nhypHlw6Aucg042,hardbop
AQAIZkrIhGEc3IjJHHKiFLH0oId_4aip,hardbop
AQAI_4kUNcmUKYEOhNfgKuhyHc-e4MqF,hardbop
AQAIkdqTURI-EnWDNxeeI7-RoJ-Hhmqo,fusion
AQAIklGSSVHSZEmQ_jCP8gR32kIjc0Wo,contemporary
AQAIoU6WNcoSBWHuoHYy6Frw7MipB6eY,bebop
AQAIprqYSHHwRFSEZ4uOww9-PEhaRPJ4,cool
AQAIqNciZVKUBD2aZA_etDJ-7AqeScKV,hardbop
AQAJPVmihEkiJUyCHw_W73DFQ_vxB6GH,hardbop
AQAJeUrCaImiSBM-gEegEz-QI8UPHIOO,contemporary
AQAJhZokJYmiJDGOBz_y4zwO7QceHJo_,postbop
AQAHZ7uSTJKFTzgO_8WDK9B__Kh8WD2c,cool
AQAHfIokRWukJbCOSUd9hDmPK9CcHteK,traditional
AQAHiUs-xRp6tWiS56g440mKPMNPBX2E,cool
AQAKDiGTJEpDuEZfiCSP6MuCX2jWJcWN,postbop
AQAH8Mqkhgm14P3xgNMOJ5VS5OGP69CP,fusion
AQAH9AoTxZEyKTh64iKPeug-mESo7TgU,hardbop
AQAHB6kSLR9xZRApLce5wy9-4U_QcIUi,postbop
AQAHu4qWTRFVJBfy7Pjx5XByL3hdBekb,cool
AQAHzFGoRE2iJEqC5ziTo_rwPD-2KzM-,swing
AQAIHNSibBsj5GGOR61wOkisZQ-8J7gv,swing
AQAIMlIihYqSRgn6yDjf4j8e5niOikfj,swing
AQAIRtGURYnCHPjR46fwYwR0-Bl--MMZ,contemporary
AQAIUooShWGyKIOPLf7QH8kneUH0UPCD,latin
AQAItYmkZGMipfiT4Dya6whFh8OzZMeR,other
AQAIu0q0UNOSIvmHWLiMrklITMmPo0l0,swing
AQAJOUmiMZmkJHhwHtqZoznyMA4u9Mf2,postbop
AQAJOk20RFGSHGV9_OgOTxGJ5yxC_ccZ,swing
AQAJPomSUYm1wOiBHm5EaEbR_DjUuMf1,contemporary
AQAMKcqUSGWSJZh4D64YtUIfPMeHo2Lg,hardbop
AQANRn-EXPyQ7HxwGf1wYfyGBzX-wz-S,postbop
AQAJ0lIecTo-Y9uyo9bRMniQ34bYI_tV,bebop
AQAGDUlSJWGiZEqQ5NFxZhd6fIbbHPuJ,swing
AQAFc0qShJ2kJWguBU_i42G24r0w5Q_6,traditional
AQAJ8dKmMJkSSTi-6CjzolH-4T7OE0tS,postbop
AQAJJInKRAmNnviL-xB_nIaPE4946DuO,hardbop
AQAJVkmoJFEYZUkS6MzwVUKP9GHxC-nz,fusion
AQAJLUquLGODX8GZBydKakOTNDL-IzmP,cool
AQAJYspFSpHwD29wZUQzH72KK8fxHM-O,contemporary
AQAJnko8ZZs0NOuQH4ofNPsQ5vvQSmRW,fusion
AQAJRvSWZMmSJOijGM114gwuFnOSbbh5,postbop
AQAJTImmUaKSBN-JvA2aH-GKY_zRPDF-,hardbop
AQAJV_pUJpEC3EF4GknREv-LL0Uz6eiP,postbop
AQAJX0pESskiJuiL5rmQTdIDkY_xJZGR,hardbop
AQAJYSyzSVIE5DlU6kGdZEdzpscV6Erg,hardbop
AQAJfMqyjdEW4S-BC9fS43pwH72EI70G,hardbop
AQAJolkVRgyhnUj9VPhnuGJs9Af6Yzx8,cool
AQAJpkmUJEuSiE2wHccPfMs-dOxDnMeP,cool
AQAJq2-uJcRXnMe947SCxEyoIR9eZcWl,postbop
AQAJrJI2iZIWvEdfND-eJERyOQgTP6iS,cool
AQAJxJLESUySLHiDRl1I9CKeCJfD4HLg,contemporary
AQAJyYt0aSH-wEmO5FFS5Awu9EimHHme,hardbop
AQAK5UwSbZIYRUh2IVY2_MdV1OmLpkKe,cool
AQAKBUm2aaFy6AqeDB-0_EMoozuaFceJ,cool
AQAKBlKiJEmSKEkkPFbwH3mV4NFxHVqP,hardbop
AQAKERoVJqOIOH8gRityXXgz6jDJ0PAk,postbop
AQAKFZIaM0mD9MR76FmOv3gu_MKVo8tz,postbop
AQAKG9ESSZuORPxxKcaTzcF_1CIaLVqO,hardbop
AQAL4tuiREqz4PSI0GKOZA8qLS6e7GCP,cool
AQAL5UmyKZE2PMmOSwmNTxgv43nQo5mU,postbop
AQALEkoyJckqJUKdHM-PX2CPFm6CHxeS,postbop
AQAJA2GkJUmkJVEQPsGspMeVyaD5YMon,latin
AQAJB0oWJUk4KVJwSseWVzhz49mJS0hO,swing
AQAJE1qiRUkzWD7yQ94bpDl-_BH69Tjw,swing
AQAJtkkYJVmWaImgk3ivoXySwRxRasQP,fusion
AQAJMkqShEkSRRKFSDkSzHnxO2g0PtiJ,free
AQAJxVciJpkWXMzxiOh3hJlyTEwOKYmP,fusion
AQAJS4oiTcmWJUKzzsL7IOSPhN1y1HlE,bebop
AQAJzUySRIwSEb_R5Mihc8ijL6j8qSgn,latin
AQAK7Ym0dOwS_EWV-UhT1ArCH-aYCmce,fusion
AQAKC6mYcJmyIOFxScfDH49O1MqC5hL-,traditional
AQAKE49jRQqu5fiJdBSSL0mOY35GfMkV,fusion
AQAKpE-kTMkk_Hnw5EGTaMyESot0HNfx,postbop
AQAKpNqYJQ1xFD-OJ1WMfqHgB-_xI8cP,free
AQAKqtE2JUmYFNqJGz_gS7gAH8dhHM5x,fusion
AQAL-VtCUlG04HpwJyeaGnsTNMuQ_ImR,traditional
AQAL-sq4WFUENskeXIpu_LBKEmdYRcgT,postbop
AQALDUmUJFK6JJES6EX23vAkHceLC4-b,hardbop
AQALE3vCTRbuwW_xHfmR4AMjw2txhIde,hardbop
AQALIVEUJkqSOBHeLJB_vA8a3kH-ofuK,postbop
AQAIxpKSZUyTJAkchzt-5FEkSsZNlGiq,fusion
AQAKNkwSJYkSaVES2Ic1BkukRsccHvmR,postbop
AQAKW0uijFPy4Bt--ERf4h8vHDGNZJ12,postbop
AQAMwUn2aVmSBNKpHBGZH54oHk-cPMOP,hardbop
AQAMJ1aWNKKQODyF4PC14MfFB9-DnDm0,postbop
AQANBokSLZGSmNgp4UHZ4znxPAh_NDmJ,hardbop
AQAKWlISMUmSKAR8HL_QPahPwG6Ob8aD,hardbop
AQANYtSZMcMlPErK4CmSSFkQKfGP58VT,hardbop
AQAF7ZTCRJGSREoQORWSC9UP66h83EeZ,swing
AQAK3eQnzbg05EmSHMmOJk-O5-jSOWim,cool
AQAKXomSJFGSZEqyBLIOn_hwoS90H-jh,hardbop
AQAKdUr0KJXQ3IHPHDuKrVuU42ET3Kk8,postbop
AQAKismTJI8knEdzTFbR0_gNHmbRH8eJ,cool
AQAMHdEWLY2YCOoeIdzxvvjxwZdynCye,swing
AQAKjlGSJEqTTBpyfMY1Prhxo8e0Gcny,hardbop
AQAKoktCSokqBe5RNUHXC07BqxX61EWe,fusion
AQALIomyKFGiKEOeHQf-4_HQMFfwJEcS,hardbop
AQALPkqULUqkRBPGeA7c5MF5PEGtIgyl,hardbop
AQALRkqexJlE5NCPpsoB5jRUWcFjTLvh,postbop
AQALVpnuKJmE5N9Q-fi2oA-PG82P_sOT,hardbop
AQALbdGSKMmSKGuQ9DEOdsGlw_KCVyYR,hardbop
AQALclKXSFkWYQqT8GBSccbfEM2DSRLF,postbop
AQAMgkyoXMRRB1eGW_iZCC8bAclJBC8e,postbop
AQANA9OTJFSFF35sgT_Oo_GNe8eLbXki,cool
AQALdEqlhEqkJHiOfCSeCxc05kQsHdbB,postbop
AQALj2G20SnOH91z6MGbRI5RPcUh6viL,postbop
AQALsZw2JfEU5NEDfReRb0eDLg_-A5Hm,other
AQAM2ImlZtEUvDym5BFCJU5VfA_4NRja,postbop
AQANBcqSLE28BH-CX2h-SuiJJzyaCz1u,postbop
AQANDZLCKcq0BPcmWDd-5WiuEKU-XMmH,postbop
AQANH7SShJGDOwiVC_qRLgsn4RJ2w8aZ,contemporary
AQANbovEJEkkExOSTGWOHM0v44lfNFtT,hardbop
AQANfFLUJKGkRELFpEh-5HmGc8dhJ8Qz,hardbop
AQAPTtGUPJODkD98MOdwEX-GyHrxLTiT,contemporary
AQAKP1KSck-C9ImCfjl-9Icj7biOnBc-,latin
AQAKRUoWJXGYJEKO3I_Q_KiUJik4bdMC,fusion
AQAKT1MSLQmVKAES_UG42MgP3bgsGwnP,traditional
AQAKX5KiKgm3BLFNNCF1TF9uNFJ0osef,fusion
AQAKZLnUhviOZ3iMKb3gZxNRjcE7KdDE,cool
AQAKZdyeoT_-HI7xBbrx5ug_XMUToWFU,traditional
AQAKhmMiJYqiMAquxh2uBy_6oDbx8Xi-,postbop
AQAKwlFCrV7wD7tx-HgG4z6c48LxA4eP,latin
AQALJk-sRsL1oXFToxaJO0eO6XygKHpS,hardbop
AQALL0micYmypEESMwvxXxHOD_exH83y,swing
AQALPJKyZZEiJUlw54jFo-0hxjxKTcdJ,contemporary
AQALQ1LyOIwS9MefF08uPEweJP2Q_tjD,latin
AQALglJDSWrQHkn24JbQHSce8WAeK0hG,hardbop
AQALplIcdZkU9D0mK24ALtOHL5lRKXEk,fusion
AQALuJmeMUmSBROdpBCXmEV-4T2aV7jW,free
AQAMJ1yaZeISNJES8qi3Hz-S8Ujjo5Qy,contemporary
AQAD0EkiKpGkLEkEIbSSE40zXEY7NGKy,latin
AQAMC9GUKH0SJBn-4Q9qW_D2DrXaokcT,postbop
AQAMClRCNUqUBSVpNFmWCfkyoaJEaMdn,hardbop
AQAMOEmSSAonbRCOMD-e6Dh13B5CmfBC,latin
AQAMYEySKcuoKOgYXsOl4zmeI-GZI8_w,postbop
AQAMV8qaRKsa8Hjw5cJ45AxkrepwKU-C,postbop
AQAMYVG2REmmKMrwNB1-NBR6GkIfHelS,postbop
AQAFkt0mSdkUIL2hKVSUHDF2Dk9Y4W9E,swing
AQAH7qGTRbKC_ijc8UTPQpfxGC_65fgx,swing
AQAGL8kzSVSEHFemIFKy9CiPN9mEvS_-,traditional
AQAM_YkWJVSsJEGuGO_hOSxuCl-OP8Ec,hardbop
AQAMgFoUJkkToUrJ4VKG_Eh2_CiPqVmT,hardbop
AQAMlGWSKImUNdhTUD9ObD98ocqON1eG,contemporary
AQAMbpWWJFpSOGbw5MbxRnCx78R7oZlG,contemporary
AQAMg0muUEow2fAXFDUeFk3oxLin4C2u,free
AQAMoMoobYqy4TOeoLzR1ElRRxeOXj4S,hardbop
AQAMpYokJYuiRCKM97gP30Ki4McPPWOR,postbop
AQANLlKWJEkYcXj6AjDa7cOPYF2CGgRw,postbop
AQAMqomSJJISSlLw45dC-FuGG_pxwjyO,cool
AQAMv1O0WYmSCIwSXYiRPDiar-D7JHhu,hardbop
AQAN-RKZbNGY4MeP_yhcKti-I4saQRfW,cool
AQANPF8SRUk0BR-aq0j2RIilK8OTJA_x,contemporary
AQANR0zCLJmYDE3SLMePH79Q-kFCckfI,cool
AQANT5q0KEoaBv3xJTx29CmaI0EeNKfB,postbop
AQANU8oSqYqq4MTzID_Ey8j14JIiXK2C,contemporary
AQANqRqV6JECtzne4z6uvIE3DaF4Q0fO,contemporary
AQAPXIqUMEkURUJ-iDnyDm3Eo8_hZ8cr,postbop
AQAPjIk2ZZLCQDe-PHCjGroePOKJ3MTx,contemporary
AQAPlJSUJVGUHBG7yDmkH3mO88Kx7-iW,contemporary
AQAPxZKSRZQSScKVpURzorvwaTqeJMKP,hardbop
AQAQ8lOSKGSSRMWt4vgKqz2erUO5W8j1,hardbop
AQAQBlGjZMoiRD--6HjQJHnR1xqeoy9y,hardbop
AQAQEYkkO2EGPMsTPCWVoMlRJsGlhDau,postbop
AQAQT1SWRKGWSHiOR9uRLCORG32OPD70,postbop
AQAS69WUZE6UBEm5I916tFQyHdcuXBbC,bebop
AQAM10nS6QUPPTn2B29xppBxonnQDscj,latin
AQAM64mSTEmURBGDMAqlFw8epccPf2mw,fusion
AQAMN1GkREmiUA0u9Fp8iEx1_LCuGCcv,fusion
AQAMZkmmJNHjJLhPhDtnfKqxDX2So9eN,hardbop
AQAPeVEuTS30Bt-hWdzQPMGNhoyDWh8q,hardbop
AQAPf1MSVk-CJlQWfDlRpkWY7yn4ZAlx,hardbop
AQAPkBQzURZy4cnxH3InvB_Oo67gAz_a,latin
AQAPsJIS60qGPw_6JXCe6Sil40nUE_cP,postbop
AQAQF5ISJ4ymJMF3HO9E4iduKYjUiAmR,hardbop
AQANw1-TSMuCo_DR7_ixI4dqHcVzHAAA,free
AQANqEmSJMmUKJKEZ0S4OzjR9AhP9GGx,free
AQAPBtESZUmkMEoCPch4_MfJ4XXRLKiO,free
AQAQ0kl0KeUCHz-ejIafEP3xvPhSKriC,contemporary
AQAQ1aJSJdKUBd9RKtOHE_WUB19W9CGF,fusion
AQAOAkm2sFGcBNnxD0fDCrWmHpey46eE,postbop
AQAM8WkyRVqWJLikEtqeET-SEuWa4hEf,hardbop
AQAE9JKUSUu0Bc2Eh8PhEz1-BveRP0ie,swing
AQAccUmoJYmqCYc_4cL3BP1h_ugv_PCL,free
AQAd_JnUZkyE48dlUcHTQMvRE39w5jiP,fusion
AQAOMIwkhsoSJIt-5DjRG-6WGA_54zlc,hardbop
AQAg5mqo5EkCq4kQK0-Lv7hyTFn2oH8C,hardbop
AQAOSIuWZJqUEb-RQ36Q4ziKB5beITwu,contemporary
AQAgQtGoRFqmKDju44aWo5-HHL5ynATL,fusion
AQAO_0q26FSDI38Ofc1T8EN4pphyCj-P,postbop
AQAOe3KSJMykKdiTI2wuiEcW6cOPlYgp,postbop
AQAOj9kUJcqYJQl-XCkReodjVshTVGeg,postbop
AQAOstLFLNEiXCfOKMfz4Dl6eKGPUMmT,contemporary
AQAP5no0MVESogh_fEd__BD_In7xHxea,postbop
AQAPY0ySLBGnRUj3aEjs_ehx4j-eLEFN,hardbop
AQAF7kqiREkSKUkTVLmFJI-OnDiO70Ff,traditional
AQAR3BelhIvwHE4e4omQb0LyJJgz1MKm,postbop
AQAR3WGkRI9QHIr7IM-KH80ZolaGF85X,hardbop
AQAFo1I2JVKUJAt-fIePHs9RHf5Rqw9K,bebop
AQARDauWTEmiCcl1pHvAKZWPd8fIJEda,postbop
AQARmUryaFGiJIKTH0mp9Mgz44GfFYzf,hardbop
AQAS1iKVKH2wPQp-lD8aJtFwKR_4iHiu,hardbop
AQAWAkokO2qCPpgSdceXE4-ioVaCMDf0,postbop
AQAExUqkJZeURIEeTOmPHj-eJ9HwX_hz,swing
AQAE4RqTcCGa0GjX49EpXE_gUi565Eby,swing
AQAH6EsUJZFGDTWuRjb-CD165EjGH00T,swing
AQAF_8uSKEkkZZnQo6mDXQpqfXiCa8dR,traditional
AQAFgkmUhEukJJQgF84rlNqs4Dn2HH4I,traditional
AQAGKZISSswTPNdx3HnwPDm-5Eh-hHmC,traditional
AQAFQFOSMIqiMOAB_MGP40IYzQn0K8in,traditional
AQAFihGnkwqSmyr6a2iWJdGR-9DeGJFy,traditional
AQASMkxCRUwaCRMlC1eOxweYB32O5KSE,postbop
AQASZlOojNKUBH4C5opwvDzCMGOgcTf0,postbop
AQAVqJqSJEuSLJEU9Lhe9EIYPcT-4Dq6,postbop
AQAWqomWKJmUZFqgE3nRnOhD1FuOHKWP,postbop
AQAYbGOSKEkShZGCc8OFX-jUHh6zJ7iP,hardbop
AQAh49eSKTpM5MdOBTqaY_rxJA-Ohjuq,contemporary
AQAOGNKkZEmiJMqCp8hPaDn6C7eDzpnQ,postbop
AQAOPsoUSlGybHgoDx_qHT4z4enxCFSe,hardbop
AQAOqMycaFGDJvmOHw_6EK5z9MmRk0Hy,cool
AQAOuwojydIS4b2IJ_xRPqHxRUIdTQ6e,postbop
AQAP0MkSMYmUyegV3MjxJOibozn6CM2N,postbop
AQAP1MqUSIk0ZUETbkGkRjpxjngDNEe_,contemporary
AQAQn0okPkqOCk2yNMd9PPmRXFSHMFQY,postbop
AQAQsEkSLkqyVKgoHpePD211WCYOHnbg,contemporary
AQASGNITKyNu9DTy4lEQng_GPEclK7Bz,postbop
AQAOo1GUpFqiaMETHscPncrxpBme46gQ,contemporary
AQAP81TURFGSRAp-wkd-QQ_SKemIJ0rw,free
AQAP8EqkhZeSCL-F6kEjKSSeCNyTQIvR,latin
AQARDaIiRRIf3PhRP_CD6sdLfHtwRTXq,fusion
AQATDWkUKXFE_Pghqu2Q49lxJWge1Mrw,swing
AQAVM1kSZVnEJYMo88iPw9dR0sST6EfN,cool
AQAWeFG6MUqUQTfuHUwewCfuIz3g44El,postbop
AQAXwkmyZAmTZSFCXQRVKkLPGJX0Ij20,cool
AQAYiYvCkKTwg2-PPjSOyVSCNzgfIR60,free
AQAZCaKUJAkTUpgv4REPjjAX_Diaog-L,postbop
AQAU9hmVZFLCJAneHGqGHmFGWngWC9fx,hardbop
AQAUq0kmJk5kPDA-QmV8PE-PTBfOow-8,cool
AQAbfMuVLEmWJXgWlZlQMsd1PIpmXKZw,hardbop
AQAFZJISRUkSKUyEH37xcEdZNPHxo5eC,traditional
AQAFuUsmkYpUUJ8UhH9xKbHw6LiDUM4l,swing
AQAEywqTJcuUZElwXMmRDw8D8VJzsMwV,swing
AQAFc4qSLWsiMKJaJPuQVhG2UUPL-Sgv,swing
AQAGXBIbShJ85Xg6Yz-aYeIffGOK58Zh,swing
AQAGSVGWJHQSEXmfog_CnMe1I3kd3JnQ,traditional
AQAF08quLTnmI7yRLGeOx8eN5vhxahfC,swing
AQAF8VWkLIqewPkO7TquHM9xoTOco1fx,swing
AQAI5OKahRbKJNqNNOlGCfqyByF-HH86,swing
AQAIG1KSLNolwddRPNGD60QPX0mRf0h6,swing
AQAI08_CSEsiob6QngqS5kF_fAxOHA9x,swing
AQAPOlMkpdLR_MTz4NmD2PmRjseNv3jQ,swing
AQAMvpIixwk-4sGsg7mEKXuQ89ATI-R9,swing
AQAF-ErCRkmUHNQxoY_RPMJTQ32C5seT,traditional
AQAFWUkTJZG0NEFyPMaV-Ghe9BODX8EX,traditional
AQAFiGmWzNmU4ElR6hK0Z3iOd9VR_SnC,traditional
AQAFgVoWJUykB0_gSThRUUwo45wu5NIO,traditional
AQAFedwkr8IlHS0Puzye4_iRH8mJi_hx,traditional
AQAFZ5EiJkqkZMjyrMR1XA-eHj_-o4l5,traditional
AQAFdAqvJLGCO5CeFRcmMmiWEE-NOw9y,traditional
AQAFlVIoeVmG68TRrMMzZiKeDM8Fx8KX,traditional
AQAFQoqSKVmSpUEP8kkc-Phx5sRfoeTh,traditional
AQAGZImULtlipGdwZdzwpnCFN1eRX9B-,traditional
AQAFHUkUSZmShFEghXmi4xQdRGVuNFmU,traditional
AQAFPe0yaUqSYDoLPpUwnMlxhRC36XhS,traditional
AQAFt4lEKtOa4EmyFydToj384GMUOITO,traditional
AQAF-MmWKGGU5MGzo06yDOcyvHtQ3YN-,traditional
AQAFnmISRtGSpMGjERfCp4KWCrmP5sKD,traditional
AQAFQlGURkmU7GjeQ1t6In_waDH8Hp9z,traditional
AQAGA0midUkWCmPCMER1aDmuIE-G38fT,traditional
AQAGOVLCLMkUTfjh13iP_8gv6DkupsET,traditional
AQAGYsxDSVES4AnCnB-SOm7wCief4OrR,traditional
AQAGPpKeRBETJXgkIs-cBH5-5NFxHjOT,traditional
AQAF1VqSJUmYMEqCJx_qX7iqB9-DkNOR,traditional
AQAFY3qiRNqKX3jwLEezhTx-OJnowEet,traditional
AQATNklyRlGWZPiNJ1ta_McTKfjEo7wI,postbop
AQATmImUZMySlOjR4Eqy4JN0NCOPlsdJ,free
AQAUfRM1Z0wCU0d58Eo8HHmgHZES2R3i,hardbop
AQAUyowSMUmiKMK7HDmST4ePSjKJvsVD,hardbop
AQAV41KiJVEURfjx4xr8o9LxCO6DfQ2H,free
AQAJUFIoKZkUScFfVD_CRTruwx2PnziJ,hardbop
AQADVYmSLUqUOfDRP_h24sENPzj0Hbp4,cool
AQAGCokmRZJyVMqRC5_C4Iqi49ThREf5,swing
AQAGD1GViIkSfIbuBAdzNCdO4cflGz_R,swing
AQAGb5Kymwlu3EUp0USzSMOL_rg-9Bny,traditional
AQAGX2qiLJIiCqctNPPQ6zhzNEujQjvx,swing
AQAGBlrEZFGSJQuuorkOfdvxNHi0w39w,swing
AQAFuEqSZEkSJWmGJs1q1EpI41kcnDD_,swing
AQAF-bKypEvxZPjUB912bDn66GCV47GH,traditional
AQAGcFqyJAlDJQryo9GhBzrCHw-FHj-6,swing
AQAE4koUKUuWKEP34Pjg9whSRmFzRKt0,swing
AQAF7fvzBFy2ockDpouP78N-BvlyJDsa,swing
AQAE2MrSJHuDU2aCidkD3xK-FZeRC8kW,swing
AQAFv0mUSYoSRYG_BF_gH3_wGL5yPIF_,swing
AQAFB8mSKFkViRB_VEdIHeeO9Kh0oSf8,swing
AQAFKIlyMVOSQTt-I092_EOjn6jEVsSX,traditional
AQAFW5qiRYlEBlNG5qCFmdbxCI-T4-OJ,swing
AQAFvUukJEmSSHqQ_kGrQn_wHF3kIMyz,swing
AQAFw0mSMNySqAid5Do4d8WPLBMfaNmO,traditional
AQAEswyTMFqiFPNePEfTIfmHnC_eZEEX,swing
AQAFudPML8JfeD-Y6ymqRUGjxfh4408w,swing
AQAF2gqrxQt2EWeCM0dp-Ee4Kcuh9fCP,traditional
AQAFml3yaNGEPSGaiQGjYkoy7kX-IPkZ,swing
AQAFPYykRImSLErQhFr0IJ-hegmTIU90,swing
AQAFmI7GKJIS4uVWjEfyFvkPljl-1Hgi,swing
AQAIQ3pIJUyEZyOJm8JDIzn-IFT6oYnK,swing
AQAFgYsopVFGXFfQhR90o83xsErw5ygv,swing
AQAFq0kiaXk27HqgJWQePIxd5FKOh8eP,swing
AQAEb1mS6BElPOiRL4uKH4erTHinLMjD,swing
AQAJIlInJYmyBWcmE1cQPDgFTTmaHw-e,swing
AQAF3pSUMFMq7DJ-MAmH80jDH9qJHBf4,swing
AQAEumdCLZqAy0LtInWkDFrKHDs49xkU,swing
AQAFUNElLdxwIuxigxqP9HmO3MGPxnJH,swing
AQAHmMnnTGPQ1EEfHWcG_UH64jie4NIj,bebop
AQAGIpLMJLuCJ8eT1CUqPUPzAL-K5Eqq,swing
AQAGNNQzLQx-PDm-48Ij6Dv6BM_RxEpO,swing
AQAFZ9OYRhGVoJJurEp0XFYqos-PKdcR,swing
AQAFbFHENJKSLMInvCGu4FMUG9fAZFI2,swing
AQAGM0oSLk0ULUHTH09wkUfDKCz-IGcC,swing
AQALs1KWJUkiBckRfEHFaGiSyehfXLge,swing
AQAJw5IkZ0mUJUj2LM-QCxXD4ngsnEcf,swing
AQAM6NKXhAt84ul8fMHvJEXypBfy5fBH,swing
AQAVfp-aRImD6nAVDo3D4sxxZVKGnNmR,bebop
AQAO9kkiKXNSCc-C8x5-aOmD8MCZvIiZ,swing
AQAfGUucREoookdyhHmao2ok48GPJqJy,swing
AQAF7EkVKUsW6MKVDz1lPHwErxL6b0hO,bebop
AQAFeUoSMUmiiEnw4GifLPhT-EfUGapD,traditional
AQAGN8oS8RF-_Jgo22jODJdOPDSaJGSO,traditional
AQAFwRKzNMsYPNIm4jpyGX4WFUq-adju,traditional
AQAGtZkuKUkSBGeQfDrC5B_qlcEXWceP,traditional
AQAFSFIiiuGSJNgl-PTQR8fjG5d4PFkY,traditional
AQAMEFmypImaRdA-5B_eiUGV8UPsQfuR,postbop
AQAEhkmSR0moJEh25sEJXkTVTQETTYqE,traditional
AQAF1Zq0TImioPxw18Rx9PDRH2cQPULi,swing
AQAVuVGSJ5fQgyXxLWD5BeEzY3v4IbSK,postbop
AQAGCZqyJI2URBFC-8FL3EbzG_UnaDfS,swing
AQAF3Em2cVGYBc-LM4jmFCdyHbqP5ofG,swing
AQAEnEkWLdGVJEKeXqj1gGryonqOOdzR,swing
AQAFU0miaJuUSMMf9Gh-IY_UIHyh5Tm-,swing
AQAE_WSTKZGSCI_wD8meB2kYPNFxzodH,swing
AQAF5Ym0J0lCCVdyHQ-TD7rgQ8-Kv0TO,swing
AQAF7tq6pFHw7HC1w96KfSOoHKGSLOOR,cool
AQAFlGtCUckStLEDL-uOPsJ78MzxE89F,swing
AQAG34mlTJoThPmDUCaDJ8qQ50H1ofmC,bebop
AQAFGBm7RHkS9ISWkEIe_EGnMVXQRH4Q,bebop
AQAFHdESJ2EYJZD4oNIJxcnywb4RWtmP,swing
AQAFJVKVZJmSKEKpMYIvhKyhOYyOtO_Q,swing
AQAF_GOULUmaJAnCL1IFLcmDrMzxzMVQ,bebop
AQAIiHpGM3iO_8Qf1EuO5j8OJP8RcVxw,swing
AQAIBIuSJEksJQl-XEJSm0J6WsJdHL0W,swing
AQAF0YkiMUyURYD44_hT_Dgu-PQGQ8_R,latin
AQAFh4kyXU8SaGk-5MrwDK7-AL-SBS_2,bebop
AQAFz0k0pYkkIj745EiTHslt1Dp-fAx-,swing
AQAFON8mPQkeJ_iDH-45XB_04yeew8Ej,bebop
AQAFb9OYeMkSwf_xI_2RRH5xdURlJYGT,cool
AQAFcJqVKEkiLUL4QPlx5shLJ8HFRBYI,bebop
AQAFYEmiZEnESEmSBJ_DFKqYiGiHXLpw,cool
AQAcmUqUMGlEJcITY_dxKcZ1IX2E5A-u,fusion
AQAFX9KiJXkUIX6Me9AeCU1lBno07Dsi,swing
AQAE5kqYJUnEMUHSV4iYkgz6wp-Ew0zC,hardbop
AQAE_UqSNFkSJQ4O_8i5FpqNXB9eTE9y,contemporary
AQAEf0mihWGUQTnOw2N45K3wZBcePHiW,bebop
AQAGPYnELEqiJImS4NQR5uinSzjqC2FO,swing
AQAFeumUJFKiaEL-4zouDI4ZvNkzXHqC,bebop
AQAEWWIyVlmU4Ief4zfK9WiWF7eD8EiW,bebop
AQAAjYmUTAq1YVdy_Ij31PipgDma58h5,bebop
AQAO6EnXqJGQB77xLKWCh8fhI7-hM8gn,cool
AQAJ11GUWE8GfheU5oiVSYcfHE_yJGj2,bebop
AQAGIZI2fVzwE0_yoInxH867oEeSV1EW,bebop
AQAGGZmqJIso4T_-oKmh8QgZzsbJBC4T,swing
AQAS3Yy0qBx-HRuZTegd-OCDi_hyPJgW,swing
AQAEltQmSWIW4E4JS2O04MaVWAv-HB57,latin
AQAGKAmjKBGXZIIefuiRng16WWgeoeex,other
AQAJDUmSSIuiSE1wJDjqND3-4CQeMngO,cool
AQAJNkr0F8-Os0g1aT2EWFHSxriO6lFo,postbop
AQAFUv6WTcHNIMx_JKOSo1KijEKjSiFO,swing
AQAStoqSSGpoNAf-4AeTEj_CVJkD_Qjz,cool
AQAFeUrWKJeGPz-u4Irw7AgzHoly4dIx,cool
AQAIP0mSbEkSLWJwQriC58E941CO9MK3,hardbop
AQAI5ZJUS2mQMw-SZzMa7kOfiIipKLGR,cool
AQAFI0q0KE2WBgyPMIXK9MiPe2iuzZjM,traditional
AQAF1k4yJYukBv8VxIfWI5969Am-4Aq-,traditional
AQAF0IuYSIvWBNHxh3iLh0qOZsqEihfe,hardbop
AQAF6VSiJIoSRUXtBz7y4tB1_LiQS-Fh,cool
AQAFAMoSKVkSMoiYOdAcHelzeNmT4haO,cool
AQAHa9GWTAulDF9-5MWPH88F8kH2Bnry,hardbop
AQANMFoYRZl01CKGB-yxB3qSHJ4oBz-e,postbop
AQAFR1wUTVGYEOfxiEefoFmSI9efaFB-,cool
AQAFe0qk6EosTDQdONTRJYxwurgteNFx,latin
AQAFgEuoJYlSNA8u5NBvRLpyNPhDNE2y,cool
AQAGmdKULCWToPsjNEsk9IfzYNJ31HqR,hardbop
AQAGq1k0JUmUC7qO41mOwyuNA7AWHCei,postbop
AQAVXloSLUkmxeijBzmSSscjfM9wHlMe,postbop
AQAHiImULImyJIqEH8054TjxwR-Ky8Af,contemporary
AQAbyVaUbEmkBleO68GdY0piHv9hCjdu,bebop
AQAECYl0K0wU5NjB5OiNWjq2K9aRJw_E,swing
AQAIkpIkJYseNCuehIVr5wh7BsnzDBWS,hardbop
AQATM0ymNkkUBU354EPOGWKeI-fxRLGC,hardbop
AQAXjRGnZBElfD_iJyHY5VnQKhJHbDyu,hardbop
AQAIC8qSSVKmKENBJamIvjOSdxQeN8g9,hardbop
AQAJeYuSJUoS5RE-RReeUDiO_Uc_R0HT,postbop
AQAMkUqUhJqSKBSOrxd64g0SmBEvhCw5,hardbop
AQAJiEmoKVIswU8EdXyC8hQcfWg5C8eL,cool
AQAFn5SUiVEW4X3EoZ8lXMuRC5riITeu,bebop
AQAF17mSREpEBskX-FKGZ_zwJQ_q93BS,swing
AQAKMVIyJZKSJEPOEQm7GT-qI9KX4Dx0,latin
AQAML3qUSJIi4ZoRWtFx89CPMOvUBN-F,hardbop
AQASK2PUyAqRxkuQ5Nlx08Ej4ooonAmD,hardbop
AQASGMsrKdGSIGcWQ8uCSBfxB7tmnOCb,hardbop
AQAG3ZyiRInIBY-ScCJ-GuMJ8QfvpMe8,cool
AQAFiWK6JlEUwedw5D7x6vCy8HiFE1ZE,cool
AQAErNJGJVJyfC_KKEQznSl-9LCOiouS,traditional
AQAFfUqSVxMSJZeCPInxxzEaJcs8MNQl,traditional
AQAFVbm2SEHOFBeHB72GpjzesNjjTDl4,traditional
AQAGmqQWKVHG4EdfNA-uHI92YU70DQ8f,traditional
AQAEdkqUKEkUcZLwHSee7qgewlVyvFeK,hardbop
AQAGVe-yBOGjJIQ40gjN4yKazehnvOib,contemporary
AQAGXEuqLFEShcGH5AhzPA8-ybh_PGIR,postbop
AQAGXOrETJHQ6FYC1yny5Uj44y36fGil,hardbop
AQAGZkkURYoySUU-8EeYjQn0w9dwbGdz,hardbop
AQAFW1nCRVQUSai-QK6O-MF2Bfzhl3gO,swing
AQAF6pkSUZISadAzMoiSOD32AXiPRzi6,swing
AQAG7UuWxZngHw_yLIOe54h54jpRGXWO,postbop
AQAGB4l0KVGYBPmPch6eHb2HZ8vRxCh_,postbop
AQAGH05OTSmS6wr2BA8PTU_ho2RNnIYW,hardbop
AQAFx0ynLEqSKMKUSxUenOBPPNIXhH7x,free
AQAG0V-SKIlwnSmuPag-PNJhTI9wI9B_,latin
AQAGrosS0U8STM_RHFfwoA-2iMd3h2j2,traditional
AQAGvbr2aAz6-Wi4ncihXXsRhhEz_Cm-,cool
AQAH0EymJJKiSFFQ6zizTHh6HPXxDOGR,latin
AQAH2Y6Wy7gJ7PiKXMUf_NCuw9LOISes,hardbop
AQAHG06sTA-KtQmRxckkSFSUI86x03iE,traditional
AQAGHEmiJEoUqcmC_PiG3-i-TchfiL9Q,contemporary
AQANWFmSKxmTREGeFdOPBznD4xukPqhp,contemporary
AQAJZkmSZVGi5mjwH-8D58KPH9UPRZGU,contemporary
AQAJekq0RGHWCY9y_FtwPD2mH2kyH5oY,hardbop
AQAO8ZlISoskKHT4IV9BSw_6a7iOw-dR,hardbop
AQAHHGki6cuhh6WgP9Hwo2_RfPiRVxvy,swing
AQAJmVHyJtGDq9iXHw_zDH52lDx0ouQV,hardbop
AQAH22qyTMmG78h3aN4YI9fxHWj-Inm2,hardbop
AQAFp1IeRREXHL2MZ8iTJEjmw0c_GR_O,swing
AQAKIkkmicuzIMcFZwpzFc-UPRmOIlnO,free
AQAKOVmTkAmzwE4WeviJp1Lw5ELvo_gF,latin
AQAHXUqSJFGiKEuiKGgm5_ii4sh-JFyu,fusion
AQAHhVrSJRopbE-Poy9C78MjHReRFz74,cool
AQAHr0oSJnK2REFzIMyPK8dJhE-Poyea,hardbop
AQAKsok2JYsSLcPT4EevQ1SyFbEwPXga,latin
AQAI-6K4UNki_MGPPvnQBGeqI7k2B3nS,bebop
AQAIkIwSJcsqBudxol-RQx9-PIdmDmme,postbop
AQAJ0UqSLYuSREzAZD2-HR-Sph_SPxMu,latin
AQAJ6KISmomGT10WvBVs-cWlLMGF5klG,postbop
AQAJA8kSLQqVNILIOFuCclKs4hI0aOG0,bebop
AQAJAEpCJUsmafiRlxC7HcE-9MdHHM-U,hardbop
AQAKy0wkhUvCRPBzhPJCLtCPJxpKPkJz,fusion
AQAJPJG0TIySJQmaX_hPnOgOb8mMH5rp,hardbop
AQAL04uydBSHX_ixKwnyiUjy4Tke5hgp,postbop
AQAJYEr0JErSRAl-fCmx78iVR9Cja4gT,free
AQAJfzLTREo24Lh7HD9iZdGFx8F_lBBz,free
AQAJsUmyWEqaKPjRPNGH0DpOxMpZzHIa,hardbop
AQAJtU0iJUmkUYG28viDn8Uf-JIR57Wg,hardbop
AQAK10vSkFGYoeLRPQ-adVzAJseri0hL,postbop
AQAK54qSKkqSJCOaNnHwRVGjID5xCEeF,bebop
AQAHVVJ2SWLgl0N5IlZYQc2J6ETtoGkO,cool
AQAHX1EULcmSFsG5A_0R7UePCxe0Czj6,fusion
AQAH6dLCVNISAcd54sqjEPXh74HJpQuR,bebop
AQAHC8uSilGUJMLzHP0FJtfxDPmaEGoj,latin
AQAK60kSSkmSJImUKDiOGMfxgjnRxodV,latin
AQAKCIoeJVZCMHmUIx-DWxaeBpf4BDo9,cool
AQAKNYuShMkjITuuBop8IRxz1EWTjQFy,postbop
AQAIJWJCJVosXA96onlyHIf3HHmizEiW,other
AQAIU0p0ZcyCC3auRHiiT0GiHTlKjwma,latin
AQAIlose9cIDXsWTHPvxHk19PAxzXHtw,fusion
AQAIpUkyUcmUJFqgaEV6vMeN6xlxmDvx,contemporary
AQAIwZIUUlGcoDwe4TycoOdxE_8wJ9KK,swing
AQAJ6ZKyb01QkTuaKUpG4Z-Q_EIenHhi,hardbop
AQAKRkqUZMuSbERzooo2RE8MxUL4zWja,postbop
AQAKYSGfZMwCLT_-IA9xcrhyRehYSWgm,postbop
AQAJCpGjRJISBT_OEw0PhswO7Tz8dOhR,postbop
AQAJQksiyQ8aH8eLdMyhN4gpoTtePUMb,postbop
AQAKiMuibVkSBn2Ob4iUa_iPK2km_A-O,postbop
AQAKjpSiOXkCb2Ga4lmQ8-gHPRlK5EmO,hardbop
AQAKpcmULEmSJIqMQ_DxHdiHfxCOIwcQ,postbop
AQAKzJYoSlqE6eCPPk-RXBmN6Bm-Dv_R,swing
AQAM3lESKpESSRPSLTSew8f043gSPXjm,cool
AQAHXUpSRSFDqMe1weoF6imG40FaFclv,swing
AQAIM3RCJjns4-g_-LmMJp-D5zuSL0de,swing
AQAITEpyTskSIcn2I1-uDp5y1Doek0mE,hardbop
AQAT2BOTJFmSREki_Cx-I_UEncfHI9VE,hardbop
AQAZdBGlSOYSnNCJZoX2HR-T5NAWH9fR,hardbop
AQAIWlITdaKEZNkahNeKojl3PPoR8od2,latin
AQAFkFoSLsmiTAmsH_2Hc8dz6D6ao2KD,traditional
AQAFGooqJZSoBD3xZMWTG-mmGbqR08Qe,traditional
AQAFjCL1SFOCMkiWHbmPp9NxRnmI63iG,traditional
AQAFXMkoJlMenCtOtBdi9BU26bgC_qj-,traditional
AQAJUpKiKBGZLAk6YZt21NGR7EcY8BYl,postbop
AQAI_UrSpVEWos8BL2yHXzg_NM9yTHoe,swing
AQAFn6JMRVEkPEeyTIuyI5cCPNWP6krw,traditional
AQAFZYm0bnrw4Tf2g_kOfQnxg0v5wI2x,traditional
AQAIeEuWKNSSaPhjvDiOXCIqHY-eQjvS,postbop
AQAJJ0miJIpCcUmCvOiFXAr65EetQkx8,latin
AQAJN2PIJVSG78-Q51B9ZA-aJ-gnPNmD,hardbop
AQAJWosTaclS_MTRLw0g5qh2PMvx45tx,postbop
AQAKBKSiSFKiCPmhb6kShH7w6HB39PiD,fusion
AQAKCMySKIqyZMGVGycu_OiPy0MYXiR6,latin
AQAJW0q-xUoiHFd0pNcFqfwy5HBN0ImO,hardbop
AQAKGlSehgnRiEkULig7PDtyJMeTNcGV,postbop
AQAKRFEkJckoaQmuBWW2VIOPo_LxbPgh,latin
AQAJ_lKSKdk6CZXC43yCC_XRNJDbHPfx,cool
AQAJi1GUMFGiJBORNLtwoh1lwuPRo9yJ,cool
AQAJjUryVMmiJMF8IkydCk8OvaiewUo_,postbop
AQAJpJcULcOnI06kVTi0y0T6LUNFRWER,postbop
AQAJsouSZEsSMYSjDvmxSxEqL9CiI5ZW,postbop
AQAJyFMSS0qYREFpHPlV6NuRS8nRyEd1,hardbop
AQAK19sYdYoUnHiG6x_iJEPy48L1g0-i,postbop
AQAKL0vCJFGSJ4mwz0cfBl8-5MOhJVo6,cool
AQAKPYn0LEkiLdA56MxYolKOV0c69ai6,postbop
AQAKSouYKYo0CckRPdqFJx_x7BGuM0Wf,postbop
AQAKeZGihlKyEM2xE82UBpEa6cGjI40T,swing
AQAKo9KSJVKiaBH-oWmmFJ5EHTeM8wh5,fusion
AQAHn2kiJckmJsIf6LLw4w9x5Q76LBPC,contemporary
AQAHOcrSREniJTh--EF-4wqFP4cv5Bzx,postbop
AQAHWtKaLFLCCH9l5KGHvMfzoitzfLVS,swing
AQAH5FEkpaGTJLik487xBHqiC-EP_vCl,other
AQAHA4qiJI-aCBOTT7gr_EL4Bcny7EFN,hardbop
AQAHtEnkcREVaEwexDq4lDkmpkepSMeX,traditional
AQAI-c8USRTy6UdSyc7QNA4ujFdP9FIF,postbop
AQAL4YuSJxml4MyxqyE69nD5IeWRvMMU,postbop
AQAI1W-kHf-B6_iDI0fzQLuQ6_jx5sjR,latin
AQAICNGjJEoSRkngK9CTEZGPSYd1Z0Wf,latin
AQAIsWKmOHrw__gwHMaPXDnOzEWTXNA-,fusion
AQAJFdGiLUnS4gv6CIeGH7-DHs1xHIJ-,free
AQAJL8oViQS_I5dwHs0OjdGe4coyCSV5,contemporary
AQAM2kyk5GE0NE6FK_iPJ9_R7oGfIzT0,hardbop
AQAM3ErWMImN7_iDMocRfsQXFvrR5_Cc,postbop
AQAJNUmUTEmyKImWwMeDH4dxPfhxPPCO,latin
AQAJQFOiJYqiSMWFA7iBozsO5HnRHxCO,free
AQAIJVQSa-oSfFOCHw9yH8kyPujEOnij,postbop
AQAKVpK4SInI4PglPOESPESPk0LoLUyQ,traditional
AQANO5KUKJEiKUuCCycqWlrR2MYj_Ki-,free
AQAK_AqThFGSLIqCRzr8HX9S46zAnISb,postbop
AQAKgUok5VE8HDR-7KgoHo2M-_jxAxee,cool
AQAKlomUKQ2zJHBfPHkyfArxePCPR7uQ,hardbop
AQANZkmUi6oUiE-EIn2wk8TVUQq6JM_g,postbop
AQANgqGSKMqsIhJ_4wefrKj9I8wO_U-I,fusion
AQAMG0rSRIvECc2Db8ep47rg49rx6Ege,postbop
AQAOBlHyJImyELmEqvjRP4F_XI_QLL_w,cool
AQAN-7pSKxmeDHGyI2H-431weE7EoD-q,postbop
AQANBQmfJeGgN_GQJw_OB59IJHycIBd-,hardbop
AQALDpKSMFbECM_xD40WHxVyo4_iI-Tx,contemporary
AQALEosyJdkl4VSyiJhzESVTacgTJI0x,hardbop
AQALG3KrKEpwfPgR8oEpRYf2dER_RNLx,hardbop
AQALRWr2aEsSXPj_4MyRXDbC7KtgVikq,hardbop
AQAL_UwoKUuiZOgPH7mcHsma6IGTlkFl,postbop
AQALfBSpTUoW_MYTDl85nB_G3fgRtjvE,postbop
AQALiEmeJFy2CHngiHkGUs9xofkx-niS,postbop
AQALslOcKLqSBH2EX8cfNM-H8DqSbRSP,cool
AQANG0qmRZqiEbmE5sSFRlMIHX2INIZ5,other
AQANXlIULok0FaESJkJy_MflNOhDS3BH,contemporary
AQAN_WqmRJO4IIyizaiWPdB5NM_RFzmP,postbop
AQAF3pGmOJGYJEgrKdEI5tGN-yjSMUMS,swing
AQAGfwoXaUkSJ8EbUchzuCr05GB54gq0,swing
AQAE6VEUKRmVTBHCSMqD0gKfBc1UlMl2,swing
AQAnQUwyJVKnJAgTJkmO5JTQR8nR8DuO,hardbop
AQAGp4nGZZGWRNA4hoLVDtfRXBwuloJ2,hardbop
AQAFfqKiZekWlFk02CEqS8Ez5cONKw1O,cool
AQAHW1Si5FKShAip5IKccDliE9vBpYfj,hardbop
AQAF1eGULVISLUF8WMmPSi96NE5P_MbD,swing
AQAQ1k6YJLqEZ_jTBO0pBcpe4oPlGe1j,hardbop
AQAEqLwlDZdlPE62ofGuILyh80ee4yJx,bebop
AQAGJFSkKEmUJCuOrj0uLQ-S8Yjp43Rw,swing
AQALxkrEJFqiKEkiXJ7RhI4xWdlxodmO,hardbop
AQAEoUqkJVmyNQF__EejBtVxD8_xd4MZ,cool
AQAFr5YybYlQ5YLjPEj47Ah9CT-OMq-C,traditional
AQAGKjKTRMtU_PjRe6h2_EfzIPyhayiZ,traditional
AQAE80rEJJEUJgv26HiUjziuSMTDSEeY,traditional
AQAKXlqiJWQioQn14TdK6cKfwzqSHzlu,cool
AQAF_HkWRZ0iTMkP3bC0oxckTsEpBRoP,traditional
AQAL9WGUKFlTQT8OMc9Qpezw50Ge4DbQ,cool
AQALJpEeRhID5niCHU6YHndQ5oH3FeEv,hardbop
AQALO1qWJIqWJFGGlLugEhbCvsIVhCn6,fusion
AQALPElSKVKiRFIC_zuOP9CVRLiIH9Nm,contemporary
AQALTImUKEkayXiEa_icoFciws6EXZnx,postbop
AQAL_dK0TEma4j8eOcTzoDxMhFJrJNeV,postbop
AQAM0YmkSLGyJcGXIz_6wDWe5OgtHbcU,fusion
AQAMMtG0Jzr0qETWFw-b4DucHOd18DLO,contemporary
AQAMQlZOJXjQ5TqSXOEROsEP5mhOIfyD,postbop
AQALnAnHW3hfYTq0NEb-BI8X8PiM41wz,cool
AQAMYNuThVIShOYNyh_6hOgl4YccVXh0,contemporary
AQALzVGlZJOmIEfPwkfNGPmtQN81tFE-,hardbop
AQAMBUr0S5kScD7OHLdR5zGmxMGx63iE,hardbop
AQAM_VHDaZMURDqDpiauB6N0NElQi0ee,postbop
AQAMa0miJLEWEjoTBWtIvLzw7cEzKIqe,fusion
AQAMe1EkKZmipLh69DEONfGFNkf5IHV4,postbop
AQAMf1FyJpYE7bhmPA8upMvw6HhxZeAb,contemporary
AQAFNdIUJlKSZMEPXxlxWTgeXEMPZ3GQ,cool
AQAMgFoSKdkkNaiS4D9-4Dim58jxBx-c,postbop
AQAMoBGXKVskIiqT42eEH3eOH82PXhGO,hardbop
AQAMq4oSLVE0TWjq2MH7ILquoHkvVMSf,fusion
AQAMrJIiZmOK6NHQ9CCPHz6h48GD7dAD,postbop
AQAMwFESSYmiKIsU6EbbJI6RTcfTo18c,contemporary
AQAN8Fq6JEmiRImC9xRckURnoRL5Ir12,hardbop
AQAFZdKeLIpSPG-CKwpSRT9-LdCZX0ib,cool
AQANDMmjaIomIbmU6mj-YA8rPBlcKTUe,hardbop
AQANIErITZIYnFGCD9yPD033oFRyBHqO,cool
AQANS0lSSRGTUNB5NA-NozKPTh3847vw,cool
AQAN_xLHLFGSBSFJiD3xXzg-_HiOauM0,hardbop
AQAFywrDJJMSRcMZdYVfPBcmMTlco61C,swing
AQAF3CGTJREdQQudHfcFfV6gUWJwPvCo,traditional
AQAFuNQSqUqSREIbHc2P8sZPuPB7xFoy,traditional
AQAFd9OaJJfA5MmDPReSE_lR6iKe0MEP,swing
AQANjNKmjIkYnMdt_CkaTQ_Ciwh1B7Uy,hardbop
AQANlEokPkm2CP2N5jh3vFcm_BFODj-A,postbop
AQAFWRMXJUmkwx_qaMeFQB-yMse-ownz,swing
AQAE_kmWKLGkSQiP5seP-mh-zHnw6_CO,bebop
AQAGRlOiJUmSMBt8H83xE3uQIDyDC36O,cool
AQAF1ErCSEySJFEE1zqeo5lFvDpR5Tua,bebop
AQAIAhlpRQv05sitoqGPUGJIqOmRZ8OP,bebop
AQAKkXQjiVGC58EPH1-cHmcdHMkQRr7x,cool
AQAFx0q6hMqWCM9wCc8SRUNShNnRzsaV,cool
AQAGJ0rUTEmUJMZ95MUhXceUL1WC8Dn-,traditional
AQAGBUkihb2CH5kjmvjson7hHJH-49DZ,traditional
AQAF45qSiFyULChDGsd59EL3HPuIfkTy,traditional
AQAFoSKlJEryCE-CPzj6Er4Zo3-En_jx,traditional
AQANb5SSTFISSWjDBb_QRwwwXgm4eNiJ,free
AQALn4ymLJHEoD9-PAhTXUjmxEwyHA-e,cool
AQALxpOyJEmSRwl4WNzxHdurF8VHVFrj,cool
AQAM0IpIJkmSSAr848M7HBtz2MLDIxe0,fusion
AQAM9EqkRKPCREIYmhHKH70pOJ-GOM3h,postbop
AQAMQdoYJZGoKKiZkEeuE5dFQ0_gHWmq,free
AQAOE0mSRGkSKcmI7sCnB62EX7B-9Mej,fusion
AQANj8qyRUymSLjzDFeW4pmOK0dzHq6y,bebop
AQADXEmSJFmUKFOBG79gHD8OHw-O4zhw,postbop
AQANlImSJFGSRFHwHM0TyHjwHH0NSzm-,hardbop
AQANnYsXKWEkYUev5Gi8BH-MfIkoPDn-,postbop
AQANtUySLEw4on-QOOGH_MEROtFuaNlP,hardbop
AQAPkxKTTJGi4NuOPmORkDumH7-gPwX_,postbop
AQAPvYmSSJKUSAmDP_Bx34Cf43zw4Y9x,hardbop
AQAWBgqz5JKyIJ_C44OOW1HFoT4-HVoj,free
AQAYS9GWMJEUScKdafgLFb2O_LB2_MSN,free
AQAQA5qSJEu0COayo6vw42i2BpV5XDma,contemporary
AQAQSUyWJdMyuEef4ccRDw1TQbuPHB8x,hardbop
AQAQeVO2LIriAP0knMd5VMdzB7uRPDnC,fusion
AQAR9okiSUmSJFIiBeKDH1fgB1B_pHzQ,hardbop
AQARHMslJUmo4PmDP4X_4wyyJs6Eh3xw,contemporary
AQAS3VxEZUknXIGf4jnyqE2RHOt8MHkY,hardbop
AQASFdTyKaESFN_y4HvgKcJ9NDJLxEbC,postbop
AQASK4kSL2oyofmH07iP8_gV9IcfohaP,contemporary
AQASV4kSJUmiaKGCS8TVo9GV4zoehLfx,hardbop
AQASX5sTJlJUvAh_qGKSHAAAADgOBAeO,cool
AQASnFm6iYwSRMp5fPmQ_UhuPNHwKNvx,swing
AQASr4kyqVK0BBd66Mdzod6K5jqRv_jx,hardbop
AQATAUoSSVOSKJvg4znuKDnc5HB5HH5R,hardbop
AQAW-0mmJNNCJRF0VUFD4k64FKm2xUU1,postbop
AQAYN1I8Jco0BXmPZH5wbkZXwumUo1ce,hardbop
AQAFpdwyncKDHz2ePSn6CheP54V_JD-R,swing
AQAYpouYjFF0ZFWPdtmR8AI84pmCw8dD,fusion
AQAE60kiZYmUpEmCJsoV1MkPXVLw8MFz,traditional
AQAF7xM1ZemCP0F_nHLA62iKWsyC6CLU,swing
AQAGYIvEJVOURTie8AKTZeGMHkN4aBmr,swing
AQAFllmiMEkWJUmiINfxBz6PjyuiK4eV,swing
AQAFDImiRqFi5IG1LchpzDyOMlwG0nuQ,swing
AQAFfUuSJ1OiREKTPE6GX0YOZZWUIV-L,traditional
AQAF2MoWJsmiJBmSB_nxhCb25Qoe-MF3,swing
AQAFv0mUMUmWREoU8DxU83BxZjl0wsVJ,swing
AQAEz1MzZUkSJUOPB821I7R4qC_yfniD,swing
AQAFUsqlJIqSJcHp4tKOULqH51hdiD3K,swing
AQAF9NKVSFIU4bjw4HiOKqMsCU2e6DiL,swing
AQAGPlq0ZNEYBW6OH80z4Hh6XI6m4NvR,bebop
AQANl9qViOiNH32WB81xcjuqhBnhRWED,hardbop
AQAMnlmyVAmTGJq24J2OmCL6ZDje44O_,hardbop
AQAOAtQiScyiJPhx9DTS8kNSJlFSNMkl,hardbop
AQAHTEoiSUq0JFmCG6m-49BxPD_w4xDO,hardbop
AQAFHInUJcqyBs2PkBLOBr_wo-F0hB6u,cool
AQANRomSKJqmJBHxH-9xbMcPAz8-fPAJ,contemporary
AQAQsXoWaWrwHUd_Bc0nIcl5hGKigDQx,free
AQARnY2iSJSk4T_-w9PD4LGO5h3uFGMK,postbop
AQANudkSJo0SBfEWJccNM5k6fAHcNHiU,fusion
AQANwUmSaIoeJUmg5cFzpFv14A2-nPjg,latin
AQAPbxKpKIqiJAleMfiEJzKPStmH6TFR,free
AQAQz-KXKFJwhMoOR0tOmNmO__BR_cQl,free
AQAO6ImSSkk-oT9iZ8aPHv_h6jh-I__x,postbop
AQAOAYuYJFKSKEkS4W2CpPERKz9-CT-O,cool
AQAOHtIjKTP6Gs1w5Me_BvqDbkHKWHiR,hardbop
AQAOIV0VJZ7wFM1wZXmEO0XyIC-u40fD,contemporary
AQAOQEmSSEmWJ1oQ6c7xCM94PFFCVAoe,hardbop
AQAOU0kuTqEC5UeYH89CXAf-4Ud6aJuy,postbop
AQAO_mIURaGSbPgetNuRLE6LPNVR62g-,postbop
AQAOe1FKRYmiQI12IUwkU0KdHD9-GQ1j,swing
AQAEgXlCZ0ygY36P3JjE07CWJUdlKcPz,postbop
AQAOktSyiGmiBHmmI3nQ56gd9MrR4M2P,postbop
AQAOqMqULVGWZPiFvvBRzUccHV-Mow_8,free
AQAOwJGSSUmkUQmS3XgZPPqCH2R_9EJz,hardbop
AQAP30omKUm2KYGrjInwa8SP7ENxPD_M,hardbop
AQAQ6kvCJJEyRkngI__gudDKD3lxykN_,cool
AQAQC1OkpIvyINlp5EuKJzp-EH8wJU-S,hardbop
AQAQlZKiLIqoJUJJBv_RHR96hkh-Iscb,postbop
AQATmbGiLMkSUbjI4wd8Hlei4NCPfcdP,contemporary
AQAVUEmWJEkkJQmVBKkjGe8Rpls0yI0e,fusion
AQATZ5LSJkkyCo3Kh6ivIb-hR0e-RDq6,postbop
AQATaVMSSrqUwEGP0D-0PNGDH4-UHdfR,hardbop
AQAFtlIUMRKboDx6-GFxCRauLUFuPNCs,swing
AQAFj4liLUmSiHCT4_CJlj_O45Ii6AlC,traditional
AQAFv0oSNYrGJAnCKxGhO46CPDsm33hD,traditional
AQAMuEqSKVEWSWFwBm8OFIqDBy9T4brw,postbop
AQAGP8rIZQ_uTEe6NcYYH9eL40Mksrh3,traditional
AQAFfBsTJRyTgMmMeMkNUeGPUD_-4nh6,swing
AQAFpV8USaIUdMRn-EePszixKzqyR53Q,swing
AQAGLMoWJU2SFGd2oTd89Oti3DkeJccP,traditional
AQAFs6SWrEmy4Oh1-Ai96NCQOjiDBzY8,bebop
AQAHco-qJNqEMyETwYmzC99y5McP_XBV,swing
AQAGBMqUJcm4MGAlHclzCkH1C09yobyS,swing
AQAF0FGiLEmiRNIUNNFUJGoipjh_-Ax-,swing
AQAEgmQjrYnQ_CiT49aD0EyCZE_x472C,bebop
AQAF_Eq6xMoolJ_wGcn_Ibye4bhx8Qhz,bebop
AQAGKJmeqJEWaIcj5rCU7KjU487xzYWX,bebop
AQAIJkkSa5ISZQn6WAtYPcjPgpGkqnhC,bebop
AQAGYkqSJMqYZRq2rI2Cciae41LO4HmH,cool
AQANqDnFRNmEPOEQSvuRLOOHfXiOH3cV,swing
AQAGNlSTdVkiJD_yE88YB72OM8_xWQue,bebop
AQAFnVokMVKTRKiVY_pBVTqiZyl0w0wu,traditional
AQAFv0qkP4mwNQ2-4MfRM03wPEQp5Riz,traditional
AQAON4kiJSsVCWEWnQlOtfBznHiOK0eZ,latin
AQAOphmViFEUoyeaMc_wHeVONJVwHhpx,postbop
AQAOzWwSZUyOM2iONspwND8e1bATIuRz,fusion
AQAP20mSRIuSRZpwHAdOHAeAH-6IW9hx,contemporary
AQAPsGGkLNKURIL4I-cIH_3xN5h6WC1i,postbop
AQAQUlGUJEkS7YmCjNvxLbNSTB-aSQ8e,cool
AQAFbEqUJtIj4WJy9EOmhgmLZJQSsWjO,traditional
AQAJk3ETRVEWIZQPX0eZP7iU40rR2AzO,hardbop
AQAOEMuiZGEiichz6Eb6FU8ecHnxIlmU,contemporary
AQARb8oSZ9mo4B-mRUqeoomiHLmgpVER,postbop
AQAV7UvCZskORukU3MmDyD-SL7gc4imP,postbop
AQAVCmPCRuFw0cGvFPmIa-in1JAe5AZ7,hardbop
AQAbtosXZaYw5UOf43rwZ8GTaBRRHzc7,fusion
AQAfd2IvLsih9kKuPAnWB9R3PMet4MyO,hardbop
AQAfeYmarNGkIazCYMqP43nQVAyqJyF4,hardbop
AQAapUmSTIqiJFGyBDiBP1B24mhcnDh5,fusion
AQAlD2cSSVSiBDCjFg_RnML0I1KOZMcX,contemporary
AQAq84nyJEmTTAlKFvdxoRmJSkuO_egi,cool
AQAgmkmiPNOyBJF05ZjyE4_Q47nhKcmH,hardbop
AQAZ_pISJ8vCBGdCPEoeXEJzlOGDyyme,hardbop
AQAGc9SjSGEUfMYdlFHgFQ9ChRqSWifK,traditional
AQAEmYsaSYkzXFGOfklQNcJ7Bo8uVJdz,swing
AQAF0orCZcmT4Fl6XDqencWd5vCzBuHb,traditional
AQAE5MmSMFGWRDF69DuaKA_KHk3MHJeJ,swing
AQAFnFIqRtmD5z0q5_hxBYf_CPnCSUZy,traditional
AQAF7MmsJEmmMEIySVWP6w7eCj6PU4lC,swing
AQAFKdKSMlEXmMeniApyHc2ocYFWDmcb,swing
AQAFZWMZVRMemciDWmjkQ8nxB2EuNHVi,swing
AQAFdUoULV-kBOeOnDyaNMyhPcc55FeM,traditional
AQAFplkiJc4SLYHoZAhl_MV9hD_EI4f1,swing
AQAFjM-sJFoifHkYPJGHetJERAoN1Tmy,traditional
AQAFsEq4ZAvDBE_CKvjBiXnQDmGUQrUi,swing
AQAFDkqWSIqSpImC99hfop9iwbGPfsR_,swing
AQAFVVElJ6JxHPoaxK_w7EPJFi439Phx,swing
AQAFQhKjZkoYoU9yNKGGOJeRHP8l9Etc,swing
AQAGLYqULVmWRBH2xIS7BZd14aMH_0d_,swing
AQAEpZS0NEocPD8Op8mD_xjzg3oexD4S,swing
AQAFh4-USFIiIUfyB_5yPKOES0azqMmR,swing
AQAH1JGSREqkJEoS4jzCZyIe9LAbhN_x,swing
AQAFV9QmSQmzoMelHH344MSDH7twH5Xe,swing
AQAGZsmyKJmmOEgWN8cv7Ac_bI_w4Mrk,swing
AQAR06IUS1sS7Clx5vCyJ8Kt4sFjMKGe,swing
AQAF8FKSkImVEC9hLctxysIfhImtQ19-,traditional
AQAFmFcSSlKCL8rxBzeNL8fxB7_RB_6h,traditional
AQAF60m1RJJYPDrkRXOgyf3gHaHGObh0,traditional
AQAFwVISJUkiKxOuKkX5oXmDdhl-nJLx,traditional
AQAGXoySKBGTVChlXMQuEuEh6TyefJhO,traditional
AQAF_0mkLEkiKdISNPlx7cEVNGqOX3gw,traditional
AQAEyguVRFGiJJlwHX-OOejRnMfJ4akw,traditional
AQAE7UmiZFKzFYzjYcpwHrlkdMsmIsx4,traditional
AQARAUmSLAmXJGKE68N_3Mi9oh9OGVeC,fusion
AQAU_EoSh8mULAmaPceXBCe-IxlzRJZ-,free
AQAUqVHSJFGeEXqHFPXxXDtY5kafwOcq,fusion
AQAdENESJYqUJNkSJLPm4CeeHE11BQ-f,free
AQAgPUkSNVGSNMThEsXxVCqO68hR6uHg,free
AQAoZqK0iKyCPj_84A9-4iNeNMWYSlnw,free
AQAVm0q0KIk0xUFLG_3BHy_yE81P_BB8,free
AQAHEZrMJUazJ0gezsiXHOfhE_uV4M2H,postbop
AQAEK14SaRFx2MYDOx2NR8Ff-DweCqeO,other
AQAEqkxyJmJx5Six50HyHdnx_Hif4tED,swing
AQAEyomSSGKShrg61HpwC6Geo1Gq4KGJ,hardbop
AQAF9oqSM8ykoHqEOcel9OhDfkiWM0ee,cool
AQACPk9GKUkUonqKFLWOcnqgpXrwHBeH,free
AQAD2OmSKIu0KIKeVUh_4cyFU8XtEU5S,free
AQAJkEwSLkyiJUjPoguzXFAXIVeKXrvg,fusion
AQAEgpK4T8MTn3A8PEcevUh44zSaZ9NQ,contemporary
AQAC-lPiLWKGH2K-HM3xHMeDHwzXBGXu,cool
AQAHH0oUKUouJXhEq3jEBk19tMczNEf3,cool
AQAD8MkSRVGyjQlwHMfxEMqPH1GM4_jx,free
AQAHSIuyRUySKMSuF1c--MfZ483QH49Q,hardbop
AQAEX4kYJVEiBb2WGA2n4y-uk3iOH24C,swing
AQAElU2UJFGoZPgu-Mh7JD6O4zquHA3X,contemporary
AQAFhYkVKVKSSEHapsIpZcKYg9v4oBmz,latin
AQAGslKSKVkSJYJ__MKP1gLqw7gPXPBz,swing
AQABKHpCSZGQLD8q8omQimIcXCqO-0Hz,other
AQAI5Eo0hpKiELnE4IPYHD9CcolxpBfq,postbop
AQAIvEmSJEmkREmiJBm0UMXz4Tq68tBE,fusion
AQAIvMpkqsWPyxae2Ei6HflhRTn4DbfC,fusion
AQAGNIyj6FmSoNyMH3-C6fnRLEPWQ6Xy,swing
AQAGW4rSJMumKMFTbDv6UEiaLjviB6eM,fusion
AQAFCVGyLIkiZWidAznOo5GkBT7y44dY,cool
AQAF98qYJI0ksMS1o0mmaKj-YD_OB5dR,hardbop
AQAFBkmiiFnCSThpdPDRP9h34spx9ILh,fusion
AQAFEoqSMMul4PhQh8mJPwaNLkwZMPGj,cool
AQAFFJISJ4oUJQOq_ELzHz8ROU-QzCvc,swing
AQAGyppME12Z4seJh0cvIj-DUyJOc8G6,traditional
AQAHEFLSRJnCJMNhHz2Dr8Ev4j3CROSR,traditional
AQAFHIqYJNmUKEpwPDr-okn0o08dNONx,bebop
AQAHIiIXStIUPEkijCKRO5CS6oj05Dlq,fusion
AQAFN8rSSBMzoSfE4yx-9MbxxxAf3McD,cool
AQAI50qUKMwSySi3Y_dhZgjkfgiFMrFH,latin
AQAI7YqWKIoqSYE5Ew9rvCp8_PAR_niG,free
AQAIgbSUSEqaBD8cM8XHCdeFXPCUInmi,swing
AQAFamum7EmQB8mD63h-VD_-ojYlvO8Q,cool
AQAGLQmjKM6iBvmBE0cIP8GPMDrO43hz,contemporary
AQAJIknHOVSC41tdNEcl5fjxskejHn2H,fusion
AQAGu2SSpVGYoF9neMcPdz96BrUyIWkm,cool
AQAFJFKeLEoSbeilA1cfPMSj8KgOnxW6,swing
AQAHeosXLeLwLAr846ky_PiDPRqabTqS,bebop
AQAJOlEi5VISJQua57gi4sePPcmD72jy,latin
AQAJQUpCRRI1wmcQhmNCSN8RLzeeH7eS,fusion
AQAMDls0ZkmiJBGuMHhO5BL0JAE-9IGW,hardbop
AQAKVEqo7E3g5_hy7C36KwhTPTOeBj9O,postbop
AQAMZbmUSlKDn9gfFEzy9Dhl7NiPS2uG,hardbop
AQANncsiLZKUCX9wH_h5hE-UKUgWVRFx,postbop
AQAP7pEWKVKSjEH1z_g2MHNk_MZzvKEw,postbop
AQAPyFuiKNkVxDKRPMeLq8kS9MIlH42-,postbop
AQAQwlESZUkSJkngMLqCWj3Wq_gHZ1x2,postbop
AQAOL43KJEqEH73xWMYTa7gtYT9K5UgX,postbop
AQALMEkUJ1FX9LjA5pnwqBGmyEuL2hh_,fusion
AQAQaJyySeICbQ-arDp-3JiVrfgDJkey,cool
AQAR00kiZjnREy6PUAn54OFyHDfyFJqp,postbop
AQALkkqSRPGWSApeF_-xH-nyoJQIHTX8,fusion
AQAK9JkiMWMSQmZn9DB6nOh-NBf-4zf6,other
AQARNUn2cQR_6Ji8JKiYMA_y40P-oYHm,contemporary
AQAUhZIadYo0PHvQxMdPOMrGonxW9LME,postbop
AQAKWksSRWGSJBFhpZxw_AgfIjl-NMsL,hardbop
AQANjksiqVmUJnCPvjeeREh6xBnhXfhi,fusion
AQATdUpCRgmf4CSmTKKQ59B-PFFyhLyx,free
AQAKhVuWJJLCZRiZXEJpNGx-lD-aH-Oz,postbop
AQAKorqcJJIGX8eX57iMOjym9PiDRg-q,postbop
AQAKqUmWiOMYNMmC2oR0aAiZK7iULXiS,hardbop
AQAL10l2MckahHkC6jt65uCTGJMkU7CS,postbop
AQALVUmSjFKkKEkU_ARy_MAlIf1RPEOf,latin
AQAFtGyUSFmY4MeP5E-G_MFToXlCojy-,traditional
AQALnEymJIpGotkzHOHRPBt0IcdzPIsX,postbop
AQALptMyZkoWBbfE4B_8oWSm4cW4tERP,contemporary
AQALsloUpaEWBSkFnTkRXjiNR6idFU-Y,postbop
AQALuWqWVJmSBMfHw0_i4VIS_OgjGqeR,traditional
AQAM0NOkMFpE-Dx2Hc1y4xe-E-kXBj_E,hardbop
AQAM5lESZYmiiBk-6A--5mj0IN4PV22I,postbop
AQATMkuSTcmixMF6aD8u4cqO8ofTHOvw,postbop
AQATeuISJZEXvLiYHKWewselaOijIfGR,hardbop
AQAF7clCJUodHM0zD8cjo5m243uS4SxE,traditional
AQAGUXIjJVIolDemLGOOzwF1FpNIPFyO,traditional
AQAGQpKiKVU0PLiGKVYE3kGQRDOOhg9K,traditional
AQAGRVGaJKGSTAnEF6gWJUmX4fhzHDry,traditional
AQAFtcqk6FMU0MeP89jqVPhxKkfjLSdc,traditional
AQAFvI2UJIoiTUmAZG8Qk52CJ-SDieEC,traditional
AQAGDl8YSWvwyCIuPeiPR7dgTT-qxxvy,traditional
AQAGFolCOsmUJGhmE3m042_QNBeJSGRW,traditional
AQAFXZqmMKaC73i0I7mcI9RP5FegcwiP,traditional
AQAFHpSUJJSYJfgu-HlwPLgZPBeabvnQ,traditional
AQAFTZmkiEpiQZc35DjV4F1ReS2cNAtK,traditional
AQATFYqoREmYKBneHt_RyKMwusSP_IM-,hardbop
AQAFAO2YRHrwRCn-4FKOejMRPUiU_OiD,swing
AQAEvomSPIoiwW9Q-Tj2HJdsMN8B8_hw,cool
AQAFP0nGZIuSKig3CSmfgjp6C19WCe8s,other
AQAVM9oiJYmiKCFy-MShC_lx_Kh6XHlw,contemporary
AQAVN1IWJZGSSFmCvsMvocngM7iUREeT,hardbop
AQAFgomUKU80JYHm3Qjj6MGJJj-6dCG-,swing
AQAE0WLCJIkVBU-FRijxRDnqsZjy4yh5,swing
AQAGR62WXJGCS8MTuEdIEjovEbEv_LKK,traditional
AQAGOlqUJUkUZTj84jgSXghx48yD5zia,swing
AQAF4aJzJaGC5tPRMxWR_HgSlNJUQvzh,swing
AQAFd1yWhFk4jNVEoxSYLFxSJA-iPzg-,swing
AQAFJQmTRJKsSEF-fE-FehfMJNyEB-kI,traditional
AQAF3Yq0JJk0JQlC80jsBOc14_eIUn7Q,traditional
AQAFG1mVJJEUariC5Dp6PmhOPCOuoHke,swing
AQAGX5J-MgqaSyRCXULiK8R_o_GV48dD,swing
AQAFLJKSRZuiZZiswwcJ_2jwHMfzcNCP,swing
AQAF3snCLW2EY7uSgLlDfMeUJUEoPciL,swing
AQAGWVmSKNoWRUP63fhxLfBRHzeOzj_-,traditional
AQAFcom0ZNESKkIuLYHz4Mef6SgzonmR,swing
AQAEPEoWJVGUJBEjXPiC_rD24KeGXDv0,swing
AQAFh5kSMkuUKcENBzpvxD1-ND-6pMEZ,swing
AQAF14qUJEnyRmi44C96MUfz4zxyJSK0,bebop
AQAFoFG2UyH2Qz_OQTOVB42WHl1zNNAP,bebop
AQAFQ1G0RNHm4YqHR8-hVcmEXMfRp8ZT,swing
AQAEmZJyLVmkJGhQpxP-ID6SpaPhBr1w,bebop
AQAEdglJUUwU5HgS5EhuKcfDMBOaJUuJ,cool
AQAE_1uTPhGm3CzKPcK11MiZbEiWP_AU,swing
AQAFB7nGRBsRi1KIN1fQJE0bTMd5gU6-,swing
AQAFS6KS5EkSRYF5nMwRKj-0pJqFn1CU,swing
AQAFlEyYJJI0RQma9wj1mEgWJcelzMf5,swing
AQAH6WKSJUkUHg_x42eO6_DxKfhc5NsR,swing
AQAEcZKiWZoYWMmF58FnHs6XCMcQWg-S,bebop
AQAKj1IWqgkj5BLEM0EV54LqJwzqo3lS,cool
AQALBOySJWmKH98jvD4ukmiuox_xHz9y,hardbop
AQAGGdISZVErhD2aM3iCw3mMZ0GkTkez,bebop
AQAGycmiRImiKEyCHPmhJ0ekJM_xG5d0,swing
AQAF-ZWWJImUCcBfPPjQo0dzPEcp0TgO,cool
AQAFRkqjKZci9IeJRD6y4yN-wTweeDp6,swing
AQAFA2GiZg0ROzl-IT888dAZSvCRjjWO,swing
AQAH-QmnZFSK66i4Q39HWB-D8Md5zMHB,swing
AQALwqSUROoSBc2VB5WyJ_gXWEtznBve,swing
AQAE3FMSJcuVBNfyIww_6DdyhXiJqn3Q,latin
AQAJzxmXTBKLXEmOf3hyC5WPrWOOXj_q,hardbop
AQAFFlIUJXGUFXaC73DMGH2ISkwOc63g,swing
AQAFMok2JpyKX9AK79A2yojVBT9a5Xh8,swing
AQAEU0uyhZoqXLC-4yL6bFKKTzTi59AV,swing
AQAE8cwkSZqkJNguHXeWwurgUAlCbkoh,swing
AQAGA8oidZqG7_jRVGaQHpoVIurxPOi2,traditional
AQAFt9ITKdGD48GXHT6uPDh3YU2PJkou,swing
AQAFRQuTJGEibcKPw26GHXmO5rnw9fiT,swing
AQAFG8qSKdqySOCP_-ieYyKZYlSi45-F,traditional
AQAEX0oSRUnENcGNvEvQ_PihJlo64UGb,swing
AQAFWaKSRJqSJMlwJauEH28loT_84MEt,swing
AQAEf1SiJ6GIH_5x6sO1eEgrCXpihJkl,swing
AQAEBkmeRkq04L6xy8UP28eDdy8eDrWP,bebop
AQAFg1KVKAk5BV-kYjaa1xWY492xo-Hw,swing
AQAENFKSZNMkaXC1H4-g_UHzD5N1kHSx,bebop
AQAF_OSURVKSJfhxHT_C5SmhUkeO8_B2,swing
AQAE8knGpNKWoEeTbG4EzlkH3UKvwY-g,bebop
AQAFJYkoJUuSFY-I-7gD_7iiHM-DH9V1,swing
AQAF4UnaJVGSJAp-gUtTkfh-TM-RRmzw,swing
AQAEQ4mkqY-EH3lmItaFD402ot_xXril,swing
AQALPqKU5BrRNDmS_ULkLEkJPgv2o8sH,bebop
AQAGLEy4aFGiRIH_oV-q4Ed_NCf0Kime,swing
AQAFk5KeKlEUoT-SZUd-Bc1RD1WW_Ggu,bebop
AQAF-kolJcpUgU9W9EmGRs2J53hyHKfw,swing
AQAFptGYSEwe_PgPMsFVHU2dEHV6qI6O,bebop
AQAOrpIeKomIP8IdTNL6IlEUxUYu50Kf,bebop
AQAFw0mUKIqSTUtwnAd2-Dj84tCD5sOP,swing
AQAF7VKUSYmuBM2eI3nyJMhzWE92jA-a,cool
AQAFllGWKJK0JEmSoBePZye4bi-Oc4Kf,swing
AQAFAEmUJFISKUkSJcKXB2_xxsQzvIev,bebop
AQAF5GoSLUmiMKiiVYSf4j364zh69PhD,swing
AQAH-ZKS6kqSBJciWniiH8d5Ij1DYQ-X,bebop
AQAFV8ojLVkSIS8P7Uib5Kh9BTzOTHjE,swing
AQAEoWRUKUm4YD9CiRmhJSmDHPxx9rgo,swing
AQALn3SUZJMSJbge_EKy5wrC5BPexA0u,swing
AQANqInG5NIEbyrxBX-C4_QF1D1wHL6D,swing
AQAIy9qYiEoWohkROcsDKUH85XAyPiiV,hardbop
AQAGRpGSlIpiJJF-7DOe4MqDB80lo8fx,cool
AQAHAFKiZZOSJBOaXHj44A-O3XiWouFR,cool
AQAD-kw2OakGR1oehGNIBSqHXMeUhSil,bebop
AQAD-EqXKIqegOmiDWIyCXeWCecPP0cR,cool
AQAMAJmimkTyBN-O87hGB7syODp2HCez,swing
AQAF5cmkJMo1wZMWo0_xHt1hpsIbHQ_h,swing
AQAK34mYM5mCMOsyxuiL4y7evLiOJ0qS,hardbop
AQAI-z-n4GbgbscXvXhi59j3DX7i4omR,swing
AQAG1pQ7aUkSOB_x-MJjPOKRE8lLFqZ-,cool
AQAMYcykqSruHY-xHT_qQ2qSB6fyDF-K,hardbop
AQAJP4suTUlw-EmOJ1KG20HzMCiZIwzH,bebop
AQALu4lEpqKSBFGcRTzGpsjp4wy06EGI,cool
AQAGa0oyLaEiDcl5pLkCZmGi6fj2Y3_w,bebop
AQAFe9m6KFGYKMgv4_GObxOeo_xh1TiV,cool
AQAFWskSJlEUZcHx4jj0wPixHeXx4nsY,bebop
AQAJqhQlUYqU4M_x8HCDfD30I_2RQ9eR,cool
AQAHMZMiMUl0jCm-B09OeA_KHNEPXUNG,swing
AQAFjtIi5VKKOwj0Hg9-lDmaJCQeGjr-,cool
AQAGOVEULmGiLEnQf0GzV5CaPAm-I08O,cool
AQAH2lOoLFESLUmQLO-DPMvQTBIYB32S,latin
AQAFa1KUhMkTCU-WJ7Bz1Due6PiVFUmk,traditional
AQAFbk8WSVmi4PBz_EYe5dCPKYSqR0iT,traditional
AQAGg9qyRFKkKAnyC-K8o0f04XTx48jR,traditional
AQAGL4yVTVKWIPeRMEdnnqj9CU3C6Aqe,traditional
AQAF4krkRFIyJvgjPLpgJzzyKEey7IQv,traditional
AQAFsEsSLUmiKNIA4EUe_IBCCP-QH8eP,traditional
AQAFVA6TSIk2JfiSo6SOJgop9EeyfAmR,traditional
AQAFikpyKUmsCFTjh9htIT2PJHRzNM8O,traditional
AQAGYUkuqRu0h0UoJriDH66HtVKQQ8s6,traditional
AQAFdEmUJEuUSDluCNEHeB5-vMelKIV3,traditional
AQAFX4qSKGm8CE0l3FJwWdiHfcdPwk6O,traditional
AQAFYU8UJSHRh8dzojye5SEufNGONwiD,traditional
AQAFjZL0SFwS5Bn0Iw0fPEfyZUecH80b,traditional
AQAFkFkSLUqmTJg-6Pjxw09i_Hh1TKmY,traditional
AQAF6XkSRUoU43sRU1eKxwvCHDqOXjve,traditional
AQAF49JOaYmQH32h5zfOB9-xnYeOCz9y,traditional
AQAFHtKYhEqcoOTRRFGypOizwvHxwD-S,traditional
AQAF3E-iJJGW4wFe9DHC6Dn0HLHS4ze-,traditional
AQAFNsmSJEsSRYoC_fgVhN_QF654nIoc,traditional
AQAGXRaVJZLC4D_uCWFONUHCXD2qHGdw,traditional
AQAFYWKSZdWiJIgT5oOO5PoCVy4eSvCV,traditional
AQAFnQkfa5GC68EbBnnn4MkFP8Qz_Lgf,traditional
AQAFqpISRbESEfmR7Awa7RmOP7iO78jl,traditional
AQAGg0wkJZEiMugVxEfCpMdLC21yOJIP,traditional
AQAFYI8SPQl-HFeO5BryHCcqH41yq_jR,traditional
AQAKzkmoZVGihMPzINzgHL2OHw96vDeO,postbop
